POS,PLAYER,Mat,Inns,NO,Runs,HS,Avg,BF,SR,100,50,4s,6s,Nationality,Team,Season
1,David Warner,12,12,2,692,100,69.2,481,143.86,1,8,57,21,Overseas,Sunrisers Hyderabad,2019
2,KL Rahul,14,14,3,593,100,53.9,438,135.38,1,6,49,25,Indian,Kings Xi Punjab,2019
3,Quinton de Kock,16,16,1,529,81,35.26,398,132.91,0,4,45,25,Overseas,Mumbai Indians,2019
4,Shikhar Dhawan,16,16,1,521,97,34.73,384,135.67,0,5,64,11,Indian,Delhi Capitals,2019
5,Andre Russell,14,13,4,510,80,56.66,249,204.81,0,4,31,52,Overseas,Kolkata Knight Riders,2019
6,Chris Gayle,13,13,1,490,99,40.83,319,153.6,0,4,45,34,Overseas,Kings Xi Punjab,2019
7,Rishabh Pant,16,16,3,488,78,37.53,300,162.66,0,3,37,27,Indian,Delhi Capitals,2019
8,Virat Kohli,14,14,0,464,100,33.14,328,141.46,1,2,46,13,Indian,Royal Challengers Bangalore,2019
9,Shreyas Iyer,16,16,1,463,67,30.86,386,119.94,0,3,41,14,Indian,Delhi Capitals,2019
10,Jonny Bairstow,10,10,2,445,114,55.62,283,157.24,1,2,48,18,Overseas,Sunrisers Hyderabad,2019
11,AB de Villiers,13,13,3,442,82,44.2,287,154,0,5,31,26,Overseas,Royal Challengers Bangalore,2019
12,Suryakumar Yadav,16,15,2,424,71,32.61,324,130.86,0,2,45,10,Indian,Mumbai Indians,2019
13,MS Dhoni,15,12,7,416,84,83.2,309,134.62,0,3,22,23,Indian,Chennai Super Kings,2019
14,Chris Lynn,13,13,0,405,82,31.15,290,139.65,0,4,41,22,Overseas,Kolkata Knight Riders,2019
15,Rohit Sharma,15,15,1,405,67,28.92,315,128.57,0,2,52,10,Indian,Mumbai Indians,2019
16,Hardik Pandya,16,15,6,402,91,44.66,210,191.42,0,1,28,29,Indian,Mumbai Indians,2019
17,Shane Watson,17,17,0,398,96,23.41,312,127.56,0,3,42,20,Overseas,Chennai Super Kings,2019
18,Faf du Plessis,12,12,1,396,96,36,321,123.36,0,3,36,15,Overseas,Chennai Super Kings,2019
19,Ajinkya Rahane,14,13,1,393,105,32.75,285,137.89,1,1,45,9,Indian,Rajasthan Royals,2019
20,Suresh Raina,17,17,1,383,59,23.93,314,121.97,0,3,45,9,Indian,Chennai Super Kings,2019
21,Parthiv Patel,14,14,0,373,67,26.64,268,139.17,0,2,48,10,Indian,Royal Challengers Bangalore,2019
22,Prithvi Shaw,16,16,0,353,99,22.06,264,133.71,0,2,45,9,Indian,Delhi Capitals,2019
23,Manish Pandey,12,11,3,344,83,43,263,130.79,0,3,34,6,Indian,Sunrisers Hyderabad,2019
24,Nitish Rana,14,11,1,344,85,34.4,235,146.38,0,3,27,21,Indian,Kolkata Knight Riders,2019
25,Sanju Samson,12,12,2,342,102,34.2,230,148.69,1,0,28,13,Indian,Rajasthan Royals,2019
26,Mayank Agarwal,13,13,0,332,58,25.53,234,141.88,0,2,26,14,Indian,Kings Xi Punjab,2019
27,Steve Smith,12,10,2,319,73,39.87,275,116,0,3,30,4,Overseas,Rajasthan Royals,2019
28,Jos Buttler,8,8,0,311,89,38.87,205,151.7,0,3,38,14,Overseas,Rajasthan Royals,2019
29,Shubman Gill,14,13,4,296,76,32.88,238,124.36,0,3,21,10,Indian,Kolkata Knight Riders,2019
30,Ambati Rayudu,17,17,5,282,57,23.5,303,93.06,0,1,20,7,Indian,Chennai Super Kings,2019
31,Robin Uthappa,12,11,2,282,67,31.33,245,115.1,0,1,28,10,Indian,Kolkata Knight Riders,2019
32,Kieron Pollard,16,14,6,279,83,34.87,178,156.74,0,1,14,22,Overseas,Mumbai Indians,2019
33,Dinesh Karthik,14,13,5,253,97,31.62,173,146.24,0,2,22,14,Indian,Kolkata Knight Riders,2019
34,Vijay Shankar,15,14,2,244,40,20.33,193,126.42,0,0,11,12,Indian,Sunrisers Hyderabad,2019
35,Moeen Ali,11,10,2,220,66,27.5,133,165.41,0,2,16,17,Overseas,Royal Challengers Bangalore,2019
36,David Miller,10,10,2,213,59,26.62,164,129.87,0,1,19,7,Overseas,Kings Xi Punjab,2019
37,Marcus Stoinis,10,10,6,211,46,52.75,156,135.25,0,0,14,10,Overseas,Royal Challengers Bangalore,2019
38,Colin Ingram,12,12,2,184,47,18.4,154,119.48,0,0,20,5,Overseas,Delhi Capitals,2019
39,Krunal Pandya,16,15,4,183,42,16.63,150,122,0,0,18,5,Indian,Mumbai Indians,2019
40,Sarfaraz Khan,8,5,1,180,67,45,143,125.87,0,1,19,4,Indian,Kings Xi Punjab,2019
41,Nicholas Pooran,7,6,0,168,48,28,107,157,0,0,10,14,Overseas,Kings Xi Punjab,2019
42,Mandeep Singh,13,12,8,165,33,41.25,120,137.5,0,0,10,4,Indian,Kings Xi Punjab,2019
43,Kedar Jadhav,14,12,3,162,58,18,169,95.85,0,1,19,3,Indian,Chennai Super Kings,2019
44,Riyan Parag,7,5,0,160,50,32,126,126.98,0,1,17,5,Indian,Rajasthan Royals,2019
45,Kane Williamson,9,9,2,156,70,22.28,130,120,0,1,12,5,Overseas,Sunrisers Hyderabad,2019
46,Sunil Narine,12,9,1,143,47,17.87,86,166.27,0,0,17,9,Overseas,Kolkata Knight Riders,2019
47,Rahul Tripathi,8,7,1,141,50,23.5,118,119.49,0,1,13,2,Indian,Rajasthan Royals,2019
48,Ben Stokes,9,9,3,123,46,20.5,99,124.24,0,0,8,4,Overseas,Rajasthan Royals,2019
49,Mohammad Nabi,8,7,1,115,31,19.16,76,151.31,0,0,8,7,Overseas,Sunrisers Hyderabad,2019
50,Axar Patel,14,12,6,110,26,18.33,88,125,0,0,10,3,Indian,Delhi Capitals,2019
51,Ravindra Jadeja,16,9,6,106,31,35.33,88,120.45,0,0,7,4,Indian,Chennai Super Kings,2019
52,Ishan Kishan,7,6,0,101,28,16.83,100,101,0,0,8,4,Indian,Mumbai Indians,2019
53,Yuvraj Singh,4,4,0,98,53,24.5,75,130.66,0,1,7,6,Indian,Mumbai Indians,2019
54,Gurkeerat Mann Singh,3,3,0,98,65,32.66,70,140,0,1,11,2,Indian,Royal Challengers Bangalore,2019
55,Sam Curran,9,8,4,95,55,23.75,55,172.72,0,1,13,3,Overseas,Kings Xi Punjab,2019
56,Shimron Hetmyer,5,5,0,90,75,18,73,123.28,0,1,4,7,Overseas,Royal Challengers Bangalore,2019
57,Wriddhiman Saha,5,5,0,86,28,17.2,53,162.26,0,0,13,1,Indian,Sunrisers Hyderabad,2019
58,Colin Munro,4,4,0,84,40,21,70,120,0,0,9,4,Overseas,Delhi Capitals,2019
59,Martin Guptill,3,3,0,81,36,27,53,152.83,0,0,4,7,Overseas,Sunrisers Hyderabad,2019
60,Dwayne Bravo,12,9,4,80,27,16,66,121.21,0,0,6,3,Overseas,Chennai Super Kings,2019
61,Sherfane Rutherford,7,7,2,73,28,14.6,54,135.18,0,0,2,7,Overseas,Delhi Capitals,2019
62,Liam Livingstone,4,4,1,71,44,23.66,48,147.91,0,0,6,5,Overseas,Rajasthan Royals,2019
63,Stuart Binny,8,5,2,70,33,23.33,40,175,0,0,5,4,Indian,Rajasthan Royals,2019
64,Jofra Archer,11,5,3,67,27,33.5,40,167.5,0,0,4,4,Overseas,Rajasthan Royals,2019
65,Deepak Hooda,11,7,1,64,20,10.66,63,101.58,0,0,5,1,Indian,Sunrisers Hyderabad,2019
66,Murali Vijay,2,2,0,64,38,32,61,104.91,0,0,6,1,Indian,Chennai Super Kings,2019
67,Shreyas Gopal,14,7,3,63,19,15.75,46,136.95,0,0,8,1,Indian,Rajasthan Royals,2019
68,Akshdeep Nath,8,5,0,61,24,12.2,57,107.01,0,0,5,2,Indian,Royal Challengers Bangalore,2019
69,Evin Lewis,3,3,0,48,32,16,52,92.3,0,0,4,2,Overseas,Mumbai Indians,2019
70,Colin de Grandhomme,4,4,1,46,37,15.33,49,93.87,0,0,4,2,Overseas,Royal Challengers Bangalore,2019
71,Piyush Chawla,13,5,2,42,14,14,37,113.51,0,0,4,2,Indian,Kolkata Knight Riders,2019
72,Ravichandran Ashwin,14,6,1,42,17,8.4,28,150,0,0,3,3,Indian,Kings Xi Punjab,2019
73,Shivam Dube,4,4,1,40,24,13.33,33,121.21,0,0,1,3,Indian,Royal Challengers Bangalore,2019
74,Yusuf Pathan,10,8,5,40,16,13.33,45,88.88,0,0,1,1,Indian,Sunrisers Hyderabad,2019
75,Rinku Singh,5,3,1,37,30,18.5,34,108.82,0,0,1,2,Indian,Kolkata Knight Riders,2019
76,Rashid Khan,15,8,3,34,17,6.8,23,147.82,0,0,2,2,Overseas,Sunrisers Hyderabad,2019
77,Chris Morris,9,6,0,32,17,5.33,37,86.48,0,0,1,2,Overseas,Delhi Capitals,2019
78,Mitchell Santner,4,2,1,32,22,32,23,139.13,0,0,0,3,Overseas,Chennai Super Kings,2019
79,Rahul Tewatia,5,4,3,26,11,26,22,118.18,0,0,2,1,Indian,Delhi Capitals,2019
80,Umesh Yadav,11,7,5,25,14,12.5,25,100,0,0,3,1,Indian,Royal Challengers Bangalore,2019
81,Amit Mishra,11,4,2,21,8,10.5,24,87.5,0,0,2,0,Indian,Delhi Capitals,2019
82,Harpreet Brar,2,1,1,20,20,0,12,166.66,0,0,2,1,Indian,Kings Xi Punjab,2019
83,Prayas Ray Barman,1,1,0,19,19,19,24,79.16,0,0,2,0,Indian,Royal Challengers Bangalore,2019
84,Keemo Paul,8,6,1,18,7,3.6,24,75,0,0,1,1,Overseas,Delhi Capitals,2019
85,Ben Cutting,3,3,1,18,13,9,17,105.88,0,0,1,1,Overseas,Mumbai Indians,2019
86,Krishnappa Gowtham,7,4,1,18,9,6,19,94.73,0,0,1,1,Indian,Rajasthan Royals,2019
87,Simran Singh,1,1,0,16,16,16,17,94.11,0,0,1,1,Indian,Kings Xi Punjab,2019
88,Alzarri Joseph,3,2,2,15,15,0,13,115.38,0,0,2,0,Overseas,Mumbai Indians,2019
89,Siddhesh Lad,1,1,0,15,15,15,13,115.38,0,0,1,1,Indian,Mumbai Indians,2019
90,Shardul Thakur,10,3,1,14,12,7,7,200,0,0,1,1,Indian,Chennai Super Kings,2019
91,Kagiso Rabada,12,4,1,14,9,4.66,15,93.33,0,0,0,1,Overseas,Delhi Capitals,2019
92,Bhuvneshwar Kumar,15,5,2,12,7,4,19,63.15,0,0,1,0,Indian,Sunrisers Hyderabad,2019
93,Kuldeep Yadav,9,4,2,12,10,6,8,150,0,0,1,0,Indian,Kolkata Knight Riders,2019
94,Rahul Chahar,13,4,2,12,10,6,11,109.09,0,0,2,0,Indian,Mumbai Indians,2019
95,Mitchell McClenaghan,5,4,1,11,10,3.66,16,68.75,0,0,2,0,Overseas,Mumbai Indians,2019
96,Carlos Brathwaite,2,2,0,11,6,5.5,10,110,0,0,1,0,Overseas,Kolkata Knight Riders,2019
97,Ishant Sharma,13,3,3,10,10,0,3,333.33,0,0,1,1,Indian,Delhi Capitals,2019
98,Shakib Al Hasan,3,1,0,9,9,9,10,90,0,0,0,0,Overseas,Sunrisers Hyderabad,2019
99,Pawan Negi,7,4,0,9,5,2.25,12,75,0,0,1,0,Indian,Royal Challengers Bangalore,2019
100,Tim Southee,3,1,1,9,9,0,9,100,0,0,0,0,Overseas,Royal Challengers Bangalore,2019
1,Kane Williamson,17,17,3,735,84,52.5,516,142.44,0,8,64,28,Overseas,Sunrisers Hyderabad,2018
2,Rishabh Pant,14,14,1,684,128,52.61,394,173.6,1,5,68,37,Indian,Delhi Capitals,2018
3,KL Rahul,14,14,2,659,95,54.91,416,158.41,0,6,66,32,Indian,Kings Xi Punjab,2018
4,Ambati Rayudu,16,16,2,602,100,43,402,149.75,1,3,53,34,Indian,Chennai Super Kings,2018
5,Shane Watson,15,15,1,555,117,39.64,359,154.59,2,2,44,35,Overseas,Chennai Super Kings,2018
6,Jos Buttler,13,13,3,548,95,54.8,353,155.24,0,5,52,21,Overseas,Rajasthan Royals,2018
7,Virat Kohli,14,14,3,530,92,48.18,381,139.1,0,4,52,18,Indian,Royal Challengers Bangalore,2018
8,Suryakumar Yadav,14,14,0,512,72,36.57,384,133.33,0,4,61,16,Indian,Mumbai Indians,2018
9,Dinesh Karthik,16,16,6,498,52,49.8,337,147.77,0,2,49,16,Indian,Kolkata Knight Riders,2018
10,Shikhar Dhawan,16,16,3,497,92,38.23,363,136.91,0,4,59,14,Indian,Sunrisers Hyderabad,2018
11,Chris Lynn,16,16,1,491,74,32.73,377,130.23,0,3,56,18,Overseas,Kolkata Knight Riders,2018
12,AB de Villiers,12,11,2,480,90,53.33,275,174.54,0,6,39,30,Overseas,Royal Challengers Bangalore,2018
13,MS Dhoni,16,15,9,455,79,75.83,302,150.66,0,3,24,30,Indian,Chennai Super Kings,2018
14,Suresh Raina,15,15,3,445,75,37.08,336,132.44,0,4,46,12,Indian,Chennai Super Kings,2018
15,Sanju Samson,15,15,1,441,92,31.5,320,137.81,0,3,30,19,Indian,Rajasthan Royals,2018
16,Shreyas Iyer,14,14,3,411,93,37.36,310,132.58,0,4,29,21,Indian,Delhi Capitals,2018
17,Evin Lewis,13,13,0,382,65,29.38,276,138.4,0,2,32,24,Overseas,Mumbai Indians,2018
18,Ajinkya Rahane,15,14,1,370,65,28.46,313,118.21,0,1,39,5,Indian,Rajasthan Royals,2018
19,Chris Gayle,11,11,2,368,104,40.88,252,146.03,1,3,30,27,Overseas,Kings Xi Punjab,2018
20,Sunil Narine,16,16,0,357,75,22.31,188,189.89,0,2,40,23,Overseas,Kolkata Knight Riders,2018
21,Robin Uthappa,16,16,0,351,54,21.93,265,132.45,0,1,30,21,Indian,Kolkata Knight Riders,2018
22,Andre Russell,16,14,3,316,88,28.72,171,184.79,0,1,17,31,Overseas,Kolkata Knight Riders,2018
23,Nitish Rana,15,15,2,304,59,23.38,232,131.03,0,1,26,14,Indian,Kolkata Knight Riders,2018
24,Karun Nair,13,12,0,301,54,25.08,221,136.19,0,2,23,13,Indian,Kings Xi Punjab,2018
25,Rohit Sharma,14,14,2,286,94,23.83,215,133.02,0,2,25,12,Indian,Mumbai Indians,2018
26,Manish Pandey,15,13,2,284,62,25.81,246,115.44,0,3,22,5,Indian,Sunrisers Hyderabad,2018
27,Ishan Kishan,14,12,0,275,62,22.91,184,149.45,0,2,22,17,Indian,Mumbai Indians,2018
28,Hardik Pandya,13,13,4,260,50,28.88,195,133.33,0,1,20,11,Indian,Mumbai Indians,2018
29,Yusuf Pathan,15,13,4,260,45,28.88,200,130,0,0,22,11,Indian,Sunrisers Hyderabad,2018
30,Mandeep Singh,14,13,3,252,47,25.2,186,135.48,0,0,16,11,Indian,Royal Challengers Bangalore,2018
31,Prithvi Shaw,9,9,0,245,65,27.22,160,153.12,0,2,27,10,Indian,Delhi Capitals,2018
32,Shakib Al Hasan,17,13,2,239,35,21.72,197,121.31,0,0,26,5,Overseas,Sunrisers Hyderabad,2018
33,Krunal Pandya,14,13,3,228,41,22.8,157,145.22,0,0,22,10,Indian,Mumbai Indians,2018
34,Rahul Tripathi,12,12,3,226,80,25.11,167,135.32,0,1,18,8,Indian,Rajasthan Royals,2018
35,Vijay Shankar,13,11,7,212,54,53,148,143.24,0,1,11,11,Indian,Delhi Capitals,2018
36,Shubman Gill,13,11,5,203,57,33.83,139,146.04,0,1,22,5,Indian,Kolkata Knight Riders,2018
37,Quinton de Kock,8,8,0,201,53,25.12,162,124.07,0,1,20,8,Overseas,Royal Challengers Bangalore,2018
38,Ben Stokes,13,13,1,196,45,16.33,161,121.73,0,0,13,6,Overseas,Rajasthan Royals,2018
39,Glenn Maxwell,12,12,0,169,47,14.08,120,140.83,0,0,14,9,Overseas,Delhi Capitals,2018
40,Faf du Plessis,6,6,1,162,67,32.4,129,125.58,0,1,17,6,Overseas,Chennai Super Kings,2018
41,Parthiv Patel,6,6,1,153,53,30.6,109,140.36,0,1,20,4,Indian,Royal Challengers Bangalore,2018
42,Alex Hales,6,6,0,148,45,24.66,118,125.42,0,0,13,6,Overseas,Sunrisers Hyderabad,2018
43,Dwayne Bravo,16,10,6,141,68,35.25,91,154.94,0,1,8,10,Overseas,Chennai Super Kings,2018
44,Aaron Finch,10,9,1,134,46,16.75,100,134,0,0,6,8,Overseas,Kings Xi Punjab,2018
45,Kieron Pollard,9,8,1,133,50,19,100,133,0,1,10,7,Overseas,Mumbai Indians,2018
46,Colin de Grandhomme,9,8,3,131,40,26.2,84,155.95,0,0,4,10,Overseas,Royal Challengers Bangalore,2018
47,Brendon McCullum,6,6,0,127,43,21.16,88,144.31,0,0,16,6,Overseas,Royal Challengers Bangalore,2018
48,Krishnappa Gowtham,15,13,4,126,33,14,64,196.87,0,0,9,9,Indian,Rajasthan Royals,2018
49,Wriddhiman Saha,11,10,2,122,35,15.25,102,119.6,0,0,17,1,Indian,Sunrisers Hyderabad,2018
50,Mayank Agarwal,11,11,1,120,30,12,94,127.65,0,0,9,5,Indian,Kings Xi Punjab,2018
51,Jason Roy,5,5,1,120,91,30,94,127.65,0,1,9,7,Overseas,Delhi Capitals,2018
53,Sam Billings,10,8,0,108,56,13.5,78,138.46,0,1,8,5,Overseas,Chennai Super Kings,2018
54,Ravichandran Ashwin,14,9,1,102,45,12.75,71,143.66,0,0,7,5,Indian,Kings Xi Punjab,2018
55,Marcus Stoinis,7,7,3,99,29,24.75,76,130.26,0,0,6,4,Overseas,Kings Xi Punjab,2018
56,Ben Cutting,9,6,2,96,37,24,58,165.51,0,0,5,8,Overseas,Mumbai Indians,2018
57,Ravindra Jadeja,16,10,5,89,27,17.8,74,120.27,0,0,3,4,Indian,Chennai Super Kings,2018
58,Deepak Hooda,9,8,4,87,32,21.75,81,107.4,0,0,2,3,Indian,Sunrisers Hyderabad,2018
59,Gautam Gambhir,6,5,0,85,55,17,88,96.59,0,1,8,1,Indian,Delhi Capitals,2018
60,Axar Patel,9,8,2,80,19,13.33,69,115.94,0,0,3,4,Indian,Kings Xi Punjab,2018
61,Moeen Ali,5,4,0,77,65,19.25,46,167.39,0,1,4,6,Overseas,Royal Challengers Bangalore,2018
62,Carlos Brathwaite,4,4,1,75,43,25,48,156.25,0,0,1,8,Overseas,Sunrisers Hyderabad,2018
63,David Miller,3,3,1,74,26,37,64,115.62,0,0,3,2,Overseas,Kings Xi Punjab,2018
64,Yuvraj Singh,8,6,0,65,20,10.83,73,89.04,0,0,6,2,Indian,Kings Xi Punjab,2018
65,Washington Sundar,7,6,3,65,35,21.66,38,171.05,0,0,5,4,Indian,Royal Challengers Bangalore,2018
66,Colin Munro,5,5,0,63,33,12.6,41,153.65,0,0,7,4,Overseas,Delhi Capitals,2018
67,Abhishek Sharma,3,3,2,63,46,63,33,190.9,0,0,3,5,Indian,Delhi Capitals,2018
68,Harshal Patel,5,2,1,60,36,60,33,181.81,0,0,1,6,Indian,Delhi Capitals,2018
69,Rashid Khan,17,7,2,59,34,11.8,31,190.32,0,0,3,6,Overseas,Sunrisers Hyderabad,2018
70,Heinrich Klaasen,4,4,1,57,32,19,47,121.27,0,0,5,1,Overseas,Rajasthan Royals,2018
71,Manan Vohra,4,4,0,55,45,13.75,47,117.02,0,0,2,4,Indian,Royal Challengers Bangalore,2018
72,Tim Southee,8,4,2,52,36,26,46,113.04,0,0,5,1,Overseas,Royal Challengers Bangalore,2018
73,Shreevats Goswami,6,3,0,52,35,17.33,40,130,0,0,6,1,Indian,Sunrisers Hyderabad,2018
74,Sarfaraz Khan,7,6,1,51,22,10.2,41,124.39,0,0,7,1,Indian,Royal Challengers Bangalore,2018
75,Deepak Chahar,12,4,1,50,39,16.66,29,172.41,0,0,1,4,Indian,Chennai Super Kings,2018
76,Rahul Tewatia,8,5,2,50,24,16.66,43,116.27,0,0,5,1,Indian,Delhi Capitals,2018
77,Shreyas Gopal,11,4,1,50,24,16.66,45,111.11,0,0,5,0,Indian,Rajasthan Royals,2018
78,Jaydev Unadkat,15,7,3,49,26,12.25,38,128.94,0,0,6,1,Indian,Rajasthan Royals,2018
79,Manoj Tiwary,5,4,1,47,35,15.66,44,106.81,0,0,4,1,Indian,Kings Xi Punjab,2018
80,Chris Morris,4,4,3,46,27,46,26,176.92,0,0,3,2,Overseas,Delhi Capitals,2018
81,Stuart Binny,7,5,0,44,22,8.8,39,112.82,0,0,2,2,Indian,Rajasthan Royals,2018
82,JP Duminy,6,4,3,36,23,36,40,90,0,0,3,1,Overseas,Mumbai Indians,2018
83,Andrew Tye,14,8,2,32,14,5.33,38,84.21,0,0,2,1,Overseas,Kings Xi Punjab,2018
84,Harbhajan Singh,13,3,0,29,19,9.66,36,80.55,0,0,3,1,Indian,Chennai Super Kings,2018
85,Rinku Singh,4,4,0,29,16,7.25,31,93.54,0,0,4,0,Indian,Kolkata Knight Riders,2018
86,Piyush Chawla,15,7,3,27,12,6.75,34,79.41,0,0,1,1,Indian,Kolkata Knight Riders,2018
87,Dan Christian,4,3,1,26,13,13,33,78.78,0,0,0,1,Overseas,Delhi Capitals,2018
88,Mohammed Siraj,11,4,2,25,14,12.5,22,113.63,0,0,2,1,Indian,Royal Challengers Bangalore,2018
89,Kedar Jadhav,1,1,1,24,24,0,22,109.09,0,0,1,2,Indian,Chennai Super Kings,2018
90,Tom Curran,5,4,1,23,18,7.66,28,82.14,0,0,3,0,Overseas,Kolkata Knight Riders,2018
91,Mayank Markande,14,6,4,21,7,10.5,24,87.5,0,0,2,0,Indian,Mumbai Indians,2018
92,Mahipal Lomror,2,2,1,20,11,20,21,95.23,0,0,1,0,Indian,Rajasthan Royals,2018
93,Mohammad Nabi,2,2,0,18,14,9,12,150,0,0,3,0,Overseas,Sunrisers Hyderabad,2018
94,Chris Woakes,5,4,2,17,11,8.5,19,89.47,0,0,1,1,Overseas,Royal Challengers Bangalore,2018
95,Corey Anderson,3,3,0,17,15,5.66,22,77.27,0,0,0,1,Overseas,Royal Challengers Bangalore,2018
96,Mitchell Johnson,6,2,2,16,12,0,11,145.45,0,0,2,0,Overseas,Kolkata Knight Riders,2018
97,Shardul Thakur,13,1,1,15,15,0,5,300,0,0,3,0,Indian,Chennai Super Kings,2018
98,Jofra Archer,10,8,3,15,8,3,21,71.42,0,0,2,0,Overseas,Rajasthan Royals,2018
99,Bhuvneshwar Kumar,12,4,2,13,7,6.5,16,81.25,0,0,1,0,Indian,Sunrisers Hyderabad,2018
100,Shivam Mavi,9,4,1,13,7,4.33,15,86.66,0,0,1,0,Indian,Kolkata Knight Riders,2018
1,David Warner,14,14,3,641,126,58.27,452,141.81,1,4,63,26,Overseas,Sunrisers Hyderabad,2017
2,Gautam Gambhir,16,16,4,498,76,41.5,389,128.02,0,4,61,7,Indian,Kolkata Knight Riders,2017
3,Shikhar Dhawan,14,14,1,479,77,36.84,376,127.39,0,3,53,9,Indian,Sunrisers Hyderabad,2017
6,Hashim Amla,10,10,3,420,104,60,288,145.83,2,2,40,17,Overseas,Kings Xi Punjab,2017
7,Manish Pandey,14,13,5,396,81,49.5,308,128.57,0,2,28,12,Indian,Kolkata Knight Riders,2017
8,Parthiv Patel,16,16,0,395,70,24.68,293,134.81,0,2,49,8,Indian,Mumbai Indians,2017
10,Robin Uthappa,14,13,0,388,87,29.84,235,165.1,0,5,36,21,Indian,Kolkata Knight Riders,2017
11,Sanju Samson,14,14,0,386,102,27.57,273,141.39,1,2,32,19,Indian,Delhi Capitals,2017
12,Kieron Pollard,17,16,3,385,70,29.61,276,139.49,0,3,26,22,Overseas,Mumbai Indians,2017
14,Rishabh Pant,14,14,0,366,97,26.14,221,165.61,0,2,28,24,Indian,Delhi Capitals,2017
16,Shreyas Iyer,12,12,2,338,96,33.8,243,139.09,0,2,36,10,Indian,Delhi Capitals,2017
17,Rohit Sharma,17,16,2,333,67,23.78,273,121.97,0,3,31,9,Indian,Mumbai Indians,2017
18,Nitish Rana,13,12,1,333,62,30.27,264,126.13,0,3,24,17,Indian,Mumbai Indians,2017
22,Glenn Maxwell,14,13,3,310,47,31,179,173.18,0,0,19,26,Overseas,Kings Xi Punjab,2017
23,Virat Kohli,10,10,0,308,64,30.8,252,122.22,0,4,23,11,Indian,Royal Challengers Bangalore,2017
25,Chris Lynn,7,7,1,295,93,49.16,163,180.98,0,3,25,19,Overseas,Kolkata Knight Riders,2017
27,Karun Nair,14,13,0,281,64,21.61,226,124.33,0,1,39,6,Indian,Delhi Capitals,2017
28,Moises Henriques,12,11,5,277,55,46.16,203,136.45,0,3,28,4,Overseas,Sunrisers Hyderabad,2017
30,Jos Buttler,10,10,0,272,77,27.2,177,153.67,0,1,27,15,Overseas,Mumbai Indians,2017
31,Kedar Jadhav,13,13,1,267,69,22.25,186,143.54,0,1,25,10,Indian,Royal Challengers Bangalore,2017
32,Shaun Marsh,9,8,0,264,84,33,194,136.08,0,2,36,5,Overseas,Kings Xi Punjab,2017
33,Kane Williamson,7,7,1,256,89,42.66,169,151.47,0,2,20,10,Overseas,Sunrisers Hyderabad,2017
34,Yuvraj Singh,12,11,2,252,70,28,177,142.37,0,2,30,8,Indian,Sunrisers Hyderabad,2017
35,Hardik Pandya,17,16,9,250,35,35.71,160,156.25,0,0,11,20,Indian,Mumbai Indians,2017
36,Krunal Pandya,13,11,4,243,47,34.71,179,135.75,0,0,24,7,Indian,Mumbai Indians,2017
38,Wriddhiman Saha,14,11,1,234,93,23.4,187,125.13,0,1,20,8,Indian,Kings Xi Punjab,2017
39,Manan Vohra,11,9,0,229,95,25.44,159,144.02,0,1,23,9,Indian,Kings Xi Punjab,2017
40,Axar Patel,14,13,5,227,44,28.37,162,140.12,0,0,11,11,Indian,Kings Xi Punjab,2017
41,Sunil Narine,16,14,1,224,54,17.23,130,172.3,0,1,34,10,Overseas,Kolkata Knight Riders,2017
42,AB de Villiers,9,9,1,216,89,27,163,132.51,0,1,12,16,Overseas,Royal Challengers Bangalore,2017
43,Chris Gayle,9,9,0,200,77,22.22,163,122.69,0,1,15,14,Overseas,Royal Challengers Bangalore,2017
44,Mandeep Singh,11,10,0,188,52,18.8,177,106.21,0,1,21,4,Indian,Royal Challengers Bangalore,2017
46,Chris Morris,9,9,4,154,52,30.8,94,163.82,0,1,15,6,Overseas,Delhi Capitals,2017
47,Travis Head,7,7,2,151,75,30.2,108,139.81,0,1,9,6,Overseas,Royal Challengers Bangalore,2017
48,Pawan Negi,12,10,2,144,35,18,111,129.72,0,0,10,7,Indian,Royal Challengers Bangalore,2017
49,Yusuf Pathan,15,11,3,143,59,17.87,115,124.34,0,1,9,6,Indian,Kolkata Knight Riders,2017
50,Corey Anderson,11,11,4,142,41,20.28,123,115.44,0,0,8,9,Overseas,Delhi Capitals,2017
51,Sam Billings,6,6,0,138,55,23,104,132.69,0,1,19,1,Overseas,Delhi Capitals,2017
52,Lendl Simmons,7,7,0,137,66,19.57,112,122.32,0,2,10,8,Overseas,Mumbai Indians,2017
53,Martin Guptill,7,7,1,132,50,22,88,150,0,1,17,5,Overseas,Kings Xi Punjab,2017
54,Colin de Grandhomme,12,9,1,126,36,15.75,92,136.95,0,0,10,6,Overseas,Kolkata Knight Riders,2017
55,Suryakumar Yadav,10,7,1,105,31,17.5,88,119.31,0,0,8,3,Indian,Kolkata Knight Riders,2017
56,Vijay Shankar,4,4,2,101,63,50.5,75,134.66,0,1,12,1,Indian,Sunrisers Hyderabad,2017
57,Ambati Rayudu,5,5,0,91,63,18.2,78,116.66,0,1,7,3,Indian,Mumbai Indians,2017
58,David Miller,5,4,1,83,30,27.66,80,103.75,0,0,4,4,Overseas,Kings Xi Punjab,2017
60,Naman Ojha,14,5,1,79,34,19.75,65,121.53,0,0,2,3,Indian,Sunrisers Hyderabad,2017
61,Deepak Hooda,10,6,3,78,19,26,52,150,0,0,5,4,Indian,Sunrisers Hyderabad,2017
62,Stuart Binny,8,7,2,78,18,15.6,76,102.63,0,0,6,3,Indian,Royal Challengers Bangalore,2017
63,Pat Cummins,12,9,4,77,24,15.4,53,145.28,0,0,5,4,Overseas,Delhi Capitals,2017
64,Shane Watson,8,7,1,71,24,11.83,78,91.02,0,0,6,1,Overseas,Royal Challengers Bangalore,2017
65,Eoin Morgan,4,4,0,65,26,16.25,62,104.83,0,0,6,2,Overseas,Kings Xi Punjab,2017
67,Kagiso Rabada,6,3,0,55,44,18.33,64,85.93,0,0,5,1,Overseas,Delhi Capitals,2017
70,Saurabh Tiwary,1,1,0,52,52,52,43,120.93,0,1,9,0,Indian,Mumbai Indians,2017
71,Ben Cutting,4,3,1,51,20,25.5,26,196.15,0,0,5,3,Overseas,Sunrisers Hyderabad,2017
72,Mohit Sharma,14,7,1,51,13,8.5,50,102,0,0,3,1,Indian,Kings Xi Punjab,2017
73,Amit Mishra,14,6,5,49,13,49,52,94.23,0,0,2,2,Indian,Delhi Capitals,2017
74,Karn Sharma,9,6,0,49,19,8.16,41,119.51,0,0,5,2,Indian,Mumbai Indians,2017
75,Chris Woakes,13,7,3,46,18,11.5,47,97.87,0,0,4,1,Overseas,Kolkata Knight Riders,2017
76,Sheldon Jackson,4,3,1,38,16,19,31,122.58,0,0,5,0,Indian,Kolkata Knight Riders,2017
77,Mohammad Shami,8,6,2,36,21,9,24,150,0,0,4,2,Indian,Delhi Capitals,2017
78,Ishank Jaggi,2,2,1,33,28,33,39,84.61,0,0,3,0,Indian,Kolkata Knight Riders,2017
79,Sreenath Aravind,10,8,4,32,9,8,40,80,0,0,2,0,Indian,Royal Challengers Bangalore,2017
80,Angelo Mathews,3,2,0,32,31,16,27,118.51,0,0,2,1,Overseas,Delhi Capitals,2017
81,Bipul Sharma,7,3,2,31,21,31,24,129.16,0,0,2,1,Indian,Sunrisers Hyderabad,2017
82,Marlon Samuels,5,4,0,29,27,7.25,31,93.54,0,0,1,2,Overseas,Delhi Capitals,2017
85,Aniket Choudhary,5,3,2,25,15,25,20,125,0,0,1,1,Indian,Royal Challengers Bangalore,2017
87,Kuldeep Yadav,12,2,0,20,16,10,22,90.9,0,0,2,0,Indian,Kolkata Knight Riders,2017
88,Mitchell Johnson,5,3,3,20,13,0,17,117.64,0,0,1,1,Overseas,Mumbai Indians,2017
89,Vishnu Vinod,3,3,0,19,9,6.33,26,73.07,0,0,1,1,Indian,Royal Challengers Bangalore,2017
90,Rahul Tewatia,3,2,1,19,15,19,11,172.72,0,0,4,0,Indian,Kings Xi Punjab,2017
91,Aditya Tare,3,3,0,18,18,6,23,78.26,0,0,3,0,Indian,Delhi Capitals,2017
92,Marcus Stoinis,5,3,0,17,9,5.66,24,70.83,0,0,1,0,Overseas,Kings Xi Punjab,2017
93,Mitchell McClenaghan,14,7,3,16,12,4,15,106.66,0,0,0,1,Overseas,Mumbai Indians,2017
95,Harbhajan Singh,11,7,5,16,7,8,16,100,0,0,0,1,Indian,Mumbai Indians,2017
96,Jasprit Bumrah,16,2,1,16,16,16,12,133.33,0,0,0,1,Indian,Mumbai Indians,2017
97,Sachin Baby,3,3,0,15,12,5,15,100,0,0,2,0,Indian,Royal Challengers Bangalore,2017
98,Anureet Singh,1,1,0,15,15,15,12,125,0,0,2,0,Indian,Kings Xi Punjab,2017
100,Nathan Coulter-Nile,8,3,0,14,6,4.66,12,116.66,0,0,0,2,Overseas,Kolkata Knight Riders,2017
1,Virat Kohli,16,16,4,973,113,81.08,640,152.03,4,7,83,38,Indian,Royal Challengers Bangalore,2016
2,David Warner,17,17,3,848,93,60.57,560,151.42,0,9,88,31,Overseas,Sunrisers Hyderabad,2016
3,AB de Villiers,16,16,3,687,129,52.84,407,168.79,1,6,57,37,Overseas,Royal Challengers Bangalore,2016
4,Gautam Gambhir,15,15,2,501,90,38.53,411,121.89,0,5,54,6,Indian,Kolkata Knight Riders,2016
5,Shikhar Dhawan,17,17,4,501,82,38.53,429,116.78,0,4,51,8,Indian,Sunrisers Hyderabad,2016
6,Rohit Sharma,14,14,3,489,85,44.45,368,132.88,0,5,49,16,Indian,Mumbai Indians,2016
8,Murali Vijay,14,14,1,453,89,34.84,364,124.45,0,5,50,10,Indian,Kings Xi Punjab,2016
9,Quinton de Kock,13,13,1,445,108,37.08,327,136.08,1,3,52,13,Overseas,Delhi Capitals,2016
11,KL Rahul,14,12,3,397,68,44.11,271,146.49,0,4,37,16,Indian,Royal Challengers Bangalore,2016
12,Robin Uthappa,15,15,0,394,72,26.26,289,136.33,0,3,45,8,Indian,Kolkata Knight Riders,2016
14,Yusuf Pathan,15,13,8,361,63,72.2,248,145.56,0,3,33,13,Indian,Kolkata Knight Riders,2016
15,Karun Nair,14,12,2,357,83,35.7,297,120.2,0,3,40,6,Indian,Delhi Capitals,2016
18,Ambati Rayudu,13,12,1,334,65,30.36,278,120.14,0,2,28,12,Indian,Mumbai Indians,2016
20,Sanju Samson,14,14,3,291,60,26.45,259,112.35,0,1,20,8,Indian,Delhi Capitals,2016
23,Wriddhiman Saha,12,12,1,270,56,24.54,212,127.35,0,2,29,1,Indian,Kings Xi Punjab,2016
24,Jos Buttler,14,14,3,255,41,23.18,184,138.58,0,0,23,11,Overseas,Mumbai Indians,2016
25,Manish Pandey,12,11,3,248,52,31,183,135.51,0,2,17,9,Indian,Kolkata Knight Riders,2016
26,Krunal Pandya,12,9,3,237,86,39.5,124,191.12,0,1,22,13,Indian,Mumbai Indians,2016
27,Yuvraj Singh,10,10,1,236,44,26.22,179,131.84,0,0,22,13,Indian,Sunrisers Hyderabad,2016
28,Chris Gayle,10,10,0,227,76,22.7,150,151.33,0,2,17,21,Overseas,Royal Challengers Bangalore,2016
29,Kieron Pollard,13,12,4,207,51,25.87,144,143.75,0,1,11,16,Overseas,Mumbai Indians,2016
31,Rishabh Pant,10,10,2,198,69,24.75,152,130.26,0,1,19,6,Indian,Delhi Capitals,2016
32,Chris Morris,12,7,4,195,82,65,109,178.89,0,1,15,12,Overseas,Delhi Capitals,2016
34,JP Duminy,10,8,3,191,49,38.2,156,122.43,0,0,13,3,Overseas,Delhi Capitals,2016
35,Andre Russell,12,8,1,188,39,26.85,114,164.91,0,0,10,15,Overseas,Kolkata Knight Riders,2016
36,Suryakumar Yadav,15,11,4,186,60,26.57,143,130.06,0,1,19,5,Indian,Kolkata Knight Riders,2016
37,Moises Henriques,17,15,3,182,31,15.16,158,115.18,0,0,15,6,Overseas,Sunrisers Hyderabad,2016
38,Glenn Maxwell,11,11,2,179,68,19.88,124,144.35,0,2,14,8,Overseas,Kings Xi Punjab,2016
39,Shane Watson,16,15,2,179,36,13.76,134,133.58,0,0,14,12,Overseas,Royal Challengers Bangalore,2016
40,Parthiv Patel,10,10,0,177,81,17.7,152,116.44,0,1,23,4,Indian,Mumbai Indians,2016
42,David Miller,14,13,3,161,31,16.1,131,122.9,0,0,11,4,Overseas,Kings Xi Punjab,2016
43,Manan Vohra,7,7,0,161,51,23,131,122.9,0,1,19,3,Indian,Kings Xi Punjab,2016
44,Shaun Marsh,6,6,1,159,56,31.8,134,118.65,0,1,13,4,Overseas,Kings Xi Punjab,2016
45,Hashim Amla,6,6,0,157,96,26.16,119,131.93,0,1,20,4,Overseas,Kings Xi Punjab,2016
47,Marcus Stoinis,7,5,1,146,52,36.5,108,135.18,0,1,13,4,Overseas,Kings Xi Punjab,2016
48,Deepak Hooda,17,15,1,144,34,10.28,121,119,0,0,9,5,Indian,Sunrisers Hyderabad,2016
49,Naman Ojha,17,13,3,136,37,13.6,138,98.55,0,0,7,5,Indian,Sunrisers Hyderabad,2016
51,Kane Williamson,6,6,0,124,50,20.66,122,101.63,0,1,14,0,Overseas,Sunrisers Hyderabad,2016
52,Eoin Morgan,7,6,1,123,51,24.6,105,117.14,0,1,8,4,Overseas,Sunrisers Hyderabad,2016
53,Sachin Baby,11,6,1,119,33,23.8,79,150.63,0,0,9,5,Indian,Royal Challengers Bangalore,2016
54,Shakib Al Hasan,10,7,2,114,66,22.8,106,107.54,0,1,7,5,Overseas,Kolkata Knight Riders,2016
55,Gurkeerat Mann Singh,7,6,1,113,51,22.6,86,131.39,0,1,11,3,Indian,Kings Xi Punjab,2016
56,Axar Patel,14,10,3,111,36,15.85,77,144.15,0,0,4,8,Indian,Kings Xi Punjab,2016
57,Nitish Rana,4,3,0,104,70,34.66,75,138.66,0,1,7,8,Indian,Mumbai Indians,2016
59,Harbhajan Singh,14,7,4,92,45,30.66,84,109.52,0,0,11,2,Indian,Mumbai Indians,2016
60,Sam Billings,5,4,0,88,54,22,64,137.5,0,1,4,4,Overseas,Delhi Capitals,2016
62,Carlos Brathwaite,8,6,0,83,34,13.83,38,218.42,0,0,6,8,Overseas,Delhi Capitals,2016
65,Sarfaraz Khan,5,4,2,66,35,33,31,212.9,0,0,7,4,Indian,Royal Challengers Bangalore,2016
66,Ben Cutting,4,4,2,65,39,32.5,34,191.17,0,0,4,6,Overseas,Sunrisers Hyderabad,2016
67,Stuart Binny,14,6,3,63,21,21,39,161.53,0,0,5,4,Indian,Royal Challengers Bangalore,2016
68,Pawan Negi,8,6,4,57,19,28.5,59,96.61,0,0,2,3,Indian,Delhi Capitals,2016
69,Martin Guptill,3,3,0,57,48,19,55,103.63,0,0,3,3,Overseas,Mumbai Indians,2016
70,Travis Head,3,3,1,54,37,27,40,135,0,0,3,2,Overseas,Royal Challengers Bangalore,2016
71,Bipul Sharma,7,4,2,51,27,25.5,25,204,0,0,1,5,Indian,Sunrisers Hyderabad,2016
72,Ashish Reddy,4,3,1,47,32,23.5,29,162.06,0,0,2,4,Indian,Sunrisers Hyderabad,2016
73,Hardik Pandya,11,9,2,44,9,6.28,63,69.84,0,0,4,0,Indian,Mumbai Indians,2016
74,Bhuvneshwar Kumar,17,8,2,43,21,7.16,27,159.25,0,0,6,1,Indian,Sunrisers Hyderabad,2016
76,Kedar Jadhav,4,3,3,42,25,0,32,131.25,0,0,2,2,Indian,Royal Challengers Bangalore,2016
78,Iqbal Abdulla,8,2,2,37,33,0,27,137.03,0,0,4,1,Indian,Royal Challengers Bangalore,2016
79,Karn Sharma,5,3,3,36,26,0,30,120,0,0,3,1,Indian,Sunrisers Hyderabad,2016
81,Mitchell McClenaghan,14,5,2,34,20,11.33,23,147.82,0,0,2,3,Overseas,Mumbai Indians,2016
82,Mohit Sharma,14,6,2,32,15,8,26,123.07,0,0,3,1,Indian,Kings Xi Punjab,2016
83,Shreyas Iyer,6,6,0,30,19,5,43,69.76,0,0,2,1,Indian,Delhi Capitals,2016
84,Colin Munro,4,3,0,30,16,10,30,100,0,0,3,0,Overseas,Kolkata Knight Riders,2016
85,Tim Southee,11,4,1,30,25,10,19,157.89,0,0,1,2,Overseas,Mumbai Indians,2016
87,Mayank Agarwal,3,3,0,27,10,9,25,108,0,0,3,1,Indian,Delhi Capitals,2016
88,Piyush Chawla,12,3,0,27,11,9,26,103.84,0,0,4,0,Indian,Kolkata Knight Riders,2016
89,Chris Lynn,2,2,1,25,15,25,22,113.63,0,0,0,1,Overseas,Kolkata Knight Riders,2016
90,Rajagopal Sathish,4,3,0,24,10,8,24,100,0,0,1,1,Indian,Kolkata Knight Riders,2016
93,Nikhil Naik,2,2,0,23,22,11.5,31,74.19,0,0,1,0,Indian,Kings Xi Punjab,2016
94,Jason Holder,4,4,0,22,13,5.5,19,115.78,0,0,2,1,Overseas,Kolkata Knight Riders,2016
96,Pradeep Sahu,5,2,1,19,18,19,13,146.15,0,0,1,1,Indian,Kings Xi Punjab,2016
98,Rishi Dhawan,2,2,2,14,11,0,6,233.33,0,0,0,1,Indian,Kings Xi Punjab,2016
99,Farhaan Behardien,3,3,1,14,9,7,13,107.69,0,0,2,0,Overseas,Kings Xi Punjab,2016
100,Vinay Kumar,3,2,1,13,12,13,12,108.33,0,0,0,1,Indian,Mumbai Indians,2016
1,David Warner,14,14,1,562,91,43.23,359,156.54,0,7,65,21,Overseas,Sunrisers Hyderabad,2015
2,Ajinkya Rahane,14,13,2,540,91,49.09,413,130.75,0,4,53,13,Indian,Rajasthan Royals,2015
3,Lendl Simmons,13,13,1,540,71,45,441,122.44,0,6,56,21,Overseas,Mumbai Indians,2015
4,AB de Villiers,16,14,3,513,133,46.63,293,175.08,1,2,60,22,Overseas,Royal Challengers Bangalore,2015
5,Virat Kohli,16,16,5,505,82,45.9,386,130.82,0,3,35,23,Indian,Royal Challengers Bangalore,2015
6,Chris Gayle,14,14,2,491,117,40.91,333,147.44,1,2,39,38,Overseas,Royal Challengers Bangalore,2015
7,Rohit Sharma,16,16,2,482,98,34.42,333,144.74,0,3,41,21,Indian,Mumbai Indians,2015
8,Shreyas Iyer,14,14,1,439,83,33.76,342,128.36,0,4,41,21,Indian,Delhi Capitals,2015
9,Brendon McCullum,14,14,1,436,100,33.53,280,155.71,1,2,51,23,Overseas,Chennai Super Kings,2015
10,Kieron Pollard,16,14,3,419,70,38.09,256,163.67,0,2,28,28,Overseas,Mumbai Indians,2015
11,JP Duminy,14,13,3,414,78,41.4,315,131.42,0,4,27,20,Overseas,Delhi Capitals,2015
12,Dwayne Smith,16,16,0,399,62,24.93,335,119.1,0,2,52,16,Overseas,Chennai Super Kings,2015
13,Faf du Plessis,17,15,2,380,55,29.23,304,125,0,1,37,5,Overseas,Chennai Super Kings,2015
14,Suresh Raina,17,17,2,374,62,24.93,304,123.02,0,2,31,16,Indian,Chennai Super Kings,2015
15,MS Dhoni,17,17,5,372,53,31,305,121.96,0,1,27,17,Indian,Chennai Super Kings,2015
16,Robin Uthappa,13,13,1,364,80,30.33,277,131.4,0,1,42,7,Indian,Kolkata Knight Riders,2015
17,David Miller,13,13,2,357,89,32.45,266,134.21,0,2,21,21,Overseas,Kings Xi Punjab,2015
18,Shikhar Dhawan,14,14,1,353,54,27.15,286,123.42,0,3,45,6,Indian,Sunrisers Hyderabad,2015
19,Shane Watson,10,9,1,347,104,43.37,257,135.01,1,1,37,14,Overseas,Rajasthan Royals,2015
20,Parthiv Patel,14,14,1,339,59,26.07,246,137.8,0,2,47,5,Indian,Mumbai Indians,2015
21,Gautam Gambhir,13,13,0,327,60,25.15,278,117.62,0,3,41,4,Indian,Kolkata Knight Riders,2015
22,Andre Russell,13,11,2,326,66,36.22,169,192.89,0,3,35,19,Overseas,Kolkata Knight Riders,2015
23,Yusuf Pathan,13,12,5,312,52,44.57,231,135.06,0,1,29,12,Indian,Kolkata Knight Riders,2015
24,Steve Smith,14,12,1,293,79,26.63,221,132.57,0,2,33,3,Overseas,Rajasthan Royals,2015
25,Moises Henriques,9,9,2,287,74,41,211,136.01,0,2,19,13,Overseas,Sunrisers Hyderabad,2015
26,Ambati Rayudu,15,14,5,281,53,31.22,193,145.59,0,1,18,16,Indian,Mumbai Indians,2015
27,George Bailey,13,13,2,259,61,23.54,190,136.31,0,2,22,7,Overseas,Kings Xi Punjab,2015
28,Murali Vijay,11,11,0,251,39,22.81,228,110.08,0,0,27,8,Indian,Kings Xi Punjab,2015
29,Wriddhiman Saha,14,13,0,249,42,19.15,197,126.39,0,0,16,10,Indian,Kings Xi Punjab,2015
30,Yuvraj Singh,14,13,0,248,57,19.07,210,118.09,0,2,23,10,Indian,Delhi Capitals,2015
31,Manish Pandey,13,12,1,225,40,20.45,184,122.28,0,0,22,7,Indian,Kolkata Knight Riders,2015
32,Mayank Agarwal,10,10,1,213,68,23.66,177,120.33,0,2,23,7,Indian,Delhi Capitals,2015
33,Axar Patel,14,12,3,206,40,22.88,174,118.39,0,0,13,8,Indian,Kings Xi Punjab,2015
34,Sanju Samson,14,11,1,204,76,20.4,163,125.15,0,1,16,8,Indian,Rajasthan Royals,2015
35,Dwayne Bravo,17,14,5,195,62,21.66,148,131.75,0,1,22,5,Overseas,Chennai Super Kings,2015
36,Kedar Jadhav,14,12,4,189,63,23.62,140,135,0,1,16,7,Indian,Delhi Capitals,2015
37,Eoin Morgan,9,9,1,187,63,23.37,151,123.84,0,1,11,11,Overseas,Sunrisers Hyderabad,2015
38,Karun Nair,14,12,1,181,61,16.45,145,124.82,0,1,18,5,Indian,Rajasthan Royals,2015
39,Suryakumar Yadav,13,13,4,157,46,17.44,113,138.93,0,0,12,8,Indian,Kolkata Knight Riders,2015
40,Mandeep Singh,14,9,2,157,54,22.42,100,157,0,1,17,6,Indian,Royal Challengers Bangalore,2015
41,Deepak Hooda,14,9,0,151,54,16.77,95,158.94,0,1,6,11,Indian,Rajasthan Royals,2015
42,Glenn Maxwell,11,11,0,145,43,13.18,112,129.46,0,0,13,8,Overseas,Kings Xi Punjab,2015
43,Ravi Bopara,9,8,3,145,41,29,120,120.83,0,0,6,6,Overseas,Sunrisers Hyderabad,2015
44,James Faulkner,13,11,3,144,46,18,109,132.11,0,0,12,5,Overseas,Rajasthan Royals,2015
45,Angelo Mathews,11,10,3,144,28,20.57,104,138.46,0,0,12,6,Overseas,Delhi Capitals,2015
46,KL Rahul,9,8,3,142,44,28.4,126,112.69,0,0,8,5,Indian,Sunrisers Hyderabad,2015
47,Dinesh Karthik,16,11,0,141,28,12.81,117,120.51,0,0,15,4,Indian,Royal Challengers Bangalore,2015
48,Naman Ojha,14,11,1,137,28,13.7,121,113.22,0,0,12,4,Indian,Sunrisers Hyderabad,2015
49,Ravindra Jadeja,17,12,5,132,24,18.85,126,104.76,0,0,7,3,Indian,Chennai Super Kings,2015
50,David Wiese,14,7,3,122,47,30.5,86,141.86,0,0,12,4,Overseas,Royal Challengers Bangalore,2015
51,Quinton de Kock,3,3,0,122,69,40.66,77,158.44,0,2,18,4,Overseas,Delhi Capitals,2015
52,Harbhajan Singh,15,10,3,117,64,16.71,73,160.27,0,1,9,9,Indian,Mumbai Indians,2015
53,Pawan Negi,10,9,1,116,36,14.5,73,158.9,0,0,10,5,Indian,Chennai Super Kings,2015
54,Corey Anderson,4,4,1,114,55,38,97,117.52,0,2,11,6,Overseas,Mumbai Indians,2015
55,Hardik Pandya,9,8,3,112,61,22.4,62,180.64,0,1,9,8,Indian,Mumbai Indians,2015
56,Sarfaraz Khan,13,8,4,111,45,27.75,71,156.33,0,0,12,2,Indian,Royal Challengers Bangalore,2015
57,Saurabh Tiwary,7,6,6,109,28,0,78,139.74,0,0,9,5,Indian,Delhi Capitals,2015
58,Karn Sharma,14,9,3,104,32,17.33,85,122.35,0,0,3,6,Indian,Sunrisers Hyderabad,2015
59,Unmukt Chand,6,5,0,102,58,20.4,83,122.89,0,1,13,2,Indian,Mumbai Indians,2015
60,Virender Sehwag,8,8,0,99,47,12.37,84,117.85,0,0,12,3,Indian,Kings Xi Punjab,2015
61,Albie Morkel,4,3,2,86,73,86,65,132.3,0,1,9,2,Overseas,Delhi Capitals,2015
62,Manan Vohra,7,7,0,82,39,11.71,81,101.23,0,0,4,5,Indian,Kings Xi Punjab,2015
63,Shaun Marsh,4,4,0,81,65,20.25,58,139.65,0,1,7,3,Overseas,Kings Xi Punjab,2015
64,Michael Hussey,4,4,0,77,56,19.25,70,110,0,1,5,3,Overseas,Chennai Super Kings,2015
65,Chris Morris,11,7,5,76,34,38,46,165.21,0,0,3,5,Overseas,Rajasthan Royals,2015
66,Stuart Binny,13,8,4,74,20,18.5,66,112.12,0,0,7,1,Indian,Rajasthan Royals,2015
67,Ashish Reddy,6,5,2,73,22,24.33,46,158.69,0,0,3,5,Indian,Sunrisers Hyderabad,2015
68,Ryan ten Doeschate,6,5,2,61,38,20.33,45,135.55,0,0,4,3,Overseas,Kolkata Knight Riders,2015
69,Manoj Tiwary,5,3,1,57,32,28.5,56,101.78,0,0,8,1,Indian,Delhi Capitals,2015
70,Piyush Chawla,13,8,4,54,22,13.5,47,114.89,0,0,5,2,Indian,Kolkata Knight Riders,2015
71,Ravichandran Ashwin,14,6,3,52,23,17.33,32,162.5,0,0,6,1,Indian,Chennai Super Kings,2015
72,Jagadeesha Suchith,13,6,5,48,34,48,32,150,0,0,4,2,Indian,Mumbai Indians,2015
73,Hanuma Vihari,5,4,0,39,16,9.75,35,111.42,0,0,6,0,Indian,Sunrisers Hyderabad,2015
74,Manvinder Bisla,2,2,0,37,20,18.5,30,123.33,0,0,6,1,Indian,Royal Challengers Bangalore,2015
75,Shakib Al Hasan,4,3,0,36,23,12,27,133.33,0,0,5,0,Overseas,Kolkata Knight Riders,2015
76,Rishi Dhawan,5,5,3,36,25,18,33,109.09,0,0,2,2,Indian,Kings Xi Punjab,2015
77,Gurkeerat Mann Singh,5,5,0,35,15,7,39,89.74,0,0,3,1,Indian,Kings Xi Punjab,2015
78,Mitchell Johnson,9,8,4,31,13,7.75,36,86.11,0,0,1,1,Overseas,Kings Xi Punjab,2015
79,Kane Williamson,2,2,1,31,26,31,27,114.81,0,0,1,1,Overseas,Sunrisers Hyderabad,2015
80,Johan Botha,4,3,0,31,17,10.33,15,206.66,0,0,5,1,Overseas,Kolkata Knight Riders,2015
81,Umesh Yadav,12,4,3,29,24,29,14,207.14,0,0,5,1,Indian,Kolkata Knight Riders,2015
82,Mohit Sharma,16,6,3,28,21,9.33,18,155.55,0,0,1,2,Indian,Chennai Super Kings,2015
83,Aaron Finch,3,3,1,23,10,11.5,33,69.69,0,0,4,0,Overseas,Mumbai Indians,2015
84,Nathan Coulter-Nile,11,5,1,20,6,5,18,111.11,0,0,2,1,Overseas,Delhi Capitals,2015
85,Dale Steyn,6,3,2,20,19,20,13,153.84,0,0,3,0,Overseas,Sunrisers Hyderabad,2015
86,Iqbal Abdulla,5,2,0,20,20,10,18,111.11,0,0,4,0,Indian,Royal Challengers Bangalore,2015
87,Harshal Patel,15,7,2,19,9,3.8,12,158.33,0,0,0,2,Indian,Royal Challengers Bangalore,2015
88,Anureet Singh,14,6,3,18,10,6,31,58.06,0,0,0,1,Indian,Kings Xi Punjab,2015
89,Bhuvneshwar Kumar,14,3,2,17,11,17,10,170,0,0,2,1,Indian,Sunrisers Hyderabad,2015
90,Praveen Kumar,12,4,1,17,12,5.66,25,68,0,0,1,0,Indian,Sunrisers Hyderabad,2015
91,Sean Abbott,2,2,0,15,14,7.5,13,115.38,0,0,1,1,Overseas,Royal Challengers Bangalore,2015
92,Aditya Tare,2,2,0,14,7,7,17,82.35,0,0,1,0,Indian,Mumbai Indians,2015
93,Rilee Rossouw,2,2,0,14,14,7,10,140,0,0,1,1,Overseas,Royal Challengers Bangalore,2015
94,Tim Southee,7,3,2,13,7,13,9,144.44,0,0,1,0,Overseas,Rajasthan Royals,2015
95,Darren Sammy,2,2,0,13,7,6.5,18,72.22,0,0,0,0,Overseas,Royal Challengers Bangalore,2015
96,Mitchell McClenaghan,12,3,2,13,12,13,6,216.66,0,0,0,2,Overseas,Mumbai Indians,2015
97,Thisara Perera,2,2,0,12,9,6,15,80,0,0,0,1,Overseas,Kings Xi Punjab,2015
98,Karanveer Singh,4,3,2,11,5,11,16,68.75,0,0,1,0,Indian,Kings Xi Punjab,2015
99,Mitchell Starc,13,3,2,11,9,11,14,78.57,0,0,1,0,Overseas,Royal Challengers Bangalore,2015
100,Abu Nechim,3,3,2,10,5,10,5,200,0,0,2,0,Indian,Royal Challengers Bangalore,2015
1,Robin Uthappa,16,16,1,660,83,44,479,137.78,0,5,74,18,Indian,Kolkata Knight Riders,2014
2,Dwayne Smith,16,16,0,566,79,35.37,416,136.05,0,5,50,34,Overseas,Chennai Super Kings,2014
3,Glenn Maxwell,16,16,0,552,95,34.5,294,187.75,0,4,48,36,Overseas,Kings Xi Punjab,2014
4,David Warner,14,14,3,528,90,48,375,140.8,0,6,39,24,Overseas,Sunrisers Hyderabad,2014
5,Suresh Raina,16,16,3,523,87,40.23,358,146.08,0,5,51,19,Indian,Chennai Super Kings,2014
6,Virender Sehwag,17,17,0,455,122,26.76,315,144.44,1,1,56,18,Indian,Kings Xi Punjab,2014
7,David Miller,16,16,6,446,66,44.6,299,149.16,0,3,34,21,Overseas,Kings Xi Punjab,2014
8,JP Duminy,14,14,6,410,67,51.25,305,134.42,0,2,22,20,Overseas,Delhi Capitals,2014
9,Brendon McCullum,14,14,1,405,71,31.15,333,121.62,0,3,32,19,Overseas,Chennai Super Kings,2014
10,Manish Pandey,16,16,3,401,94,30.84,340,117.94,0,2,35,10,Indian,Kolkata Knight Riders,2014
11,AB de Villiers,14,13,2,395,89,35.9,249,158.63,0,3,26,24,Overseas,Royal Challengers Bangalore,2014
12,Lendl Simmons,8,8,1,394,100,56.28,291,135.39,1,3,43,14,Overseas,Mumbai Indians,2014
13,Rohit Sharma,15,15,2,390,59,30,302,129.13,0,3,31,16,Indian,Mumbai Indians,2014
14,Shikhar Dhawan,14,14,1,377,64,29,319,118.18,0,2,49,7,Indian,Sunrisers Hyderabad,2014
15,Yuvraj Singh,14,14,3,376,83,34.18,278,135.25,0,3,22,28,Indian,Royal Challengers Bangalore,2014
16,MS Dhoni,16,15,10,371,57,74.2,250,148.4,0,1,22,20,Indian,Chennai Super Kings,2014
17,Wriddhiman Saha,17,13,2,362,115,32.9,249,145.38,1,2,33,18,Indian,Kings Xi Punjab,2014
18,Ambati Rayudu,15,14,0,361,68,25.78,287,125.78,0,2,31,8,Indian,Mumbai Indians,2014
19,Virat Kohli,14,14,1,359,73,27.61,294,122.1,0,2,23,16,Indian,Royal Challengers Bangalore,2014
20,Sanju Samson,13,13,0,339,74,26.07,273,124.17,0,2,25,17,Indian,Rajasthan Royals,2014
21,Ajinkya Rahane,13,12,0,339,72,28.25,291,116.49,0,3,38,3,Indian,Rajasthan Royals,2014
22,Gautam Gambhir,16,16,1,335,69,22.33,293,114.33,0,3,36,4,Indian,Kolkata Knight Riders,2014
23,Karun Nair,11,11,1,330,73,33,232,142.24,0,3,38,9,Indian,Rajasthan Royals,2014
24,Dinesh Karthik,14,14,0,325,69,23.21,258,125.96,0,3,28,11,Indian,Delhi Capitals,2014
25,Manan Vohra,8,8,0,324,67,40.5,233,139.05,0,1,27,16,Indian,Kings Xi Punjab,2014
26,Aaron Finch,13,13,2,309,88,28.09,263,117.49,0,2,31,9,Overseas,Sunrisers Hyderabad,2014
27,Faf du Plessis,15,12,1,303,54,27.54,235,128.93,0,2,26,7,Overseas,Chennai Super Kings,2014
28,Kevin Pietersen,11,11,1,294,58,29.4,233,126.18,0,1,34,7,Overseas,Delhi Capitals,2014
29,Kieron Pollard,15,15,7,273,78,34.12,203,134.48,0,1,15,15,Overseas,Mumbai Indians,2014
30,Yusuf Pathan,15,12,3,268,72,29.77,165,162.42,0,1,15,20,Indian,Kolkata Knight Riders,2014
31,Corey Anderson,12,11,2,265,95,29.44,181,146.4,0,1,21,15,Overseas,Mumbai Indians,2014
32,George Bailey,17,16,7,257,40,28.55,190,135.26,0,0,19,10,Overseas,Kings Xi Punjab,2014
33,Shane Watson,13,13,1,240,51,20,196,122.44,0,2,19,14,Overseas,Rajasthan Royals,2014
34,Naman Ojha,11,10,4,232,79,38.66,161,144.09,0,1,14,17,Indian,Sunrisers Hyderabad,2014
35,Shakib Al Hasan,13,11,4,227,60,32.42,152,149.34,0,1,22,7,Overseas,Kolkata Knight Riders,2014
36,Michael Hussey,9,9,0,209,56,23.22,182,114.83,0,2,17,7,Overseas,Mumbai Indians,2014
37,Murali Vijay,11,11,0,207,52,18.81,192,107.81,0,1,20,5,Indian,Delhi Capitals,2014
38,Parthiv Patel,12,12,2,205,57,20.5,185,110.81,0,1,30,1,Indian,Royal Challengers Bangalore,2014
39,Chris Gayle,9,9,0,196,46,21.77,184,106.52,0,0,18,12,Overseas,Royal Challengers Bangalore,2014
40,James Faulkner,13,12,8,181,41,45.25,94,192.55,0,0,8,16,Overseas,Rajasthan Royals,2014
41,KL Rahul,11,8,0,166,46,20.75,164,101.21,0,0,12,3,Indian,Sunrisers Hyderabad,2014
42,Suryakumar Yadav,16,10,5,164,34,32.8,117,140.17,0,0,16,5,Indian,Kolkata Knight Riders,2014
43,Quinton de Kock,7,7,0,153,48,21.85,130,117.69,0,0,19,4,Overseas,Delhi Capitals,2014
44,Manoj Tiwary,8,8,3,152,61,30.4,118,128.81,0,1,14,4,Indian,Delhi Capitals,2014
45,Jacques Kallis,8,7,1,151,72,25.16,129,117.05,0,1,13,4,Overseas,Kolkata Knight Riders,2014
46,Kedar Jadhav,10,10,5,149,37,29.8,101,147.52,0,0,13,7,Indian,Delhi Capitals,2014
47,Steve Smith,10,7,3,147,48,36.75,110,133.63,0,0,13,4,Overseas,Rajasthan Royals,2014
48,Ravindra Jadeja,16,10,5,146,36,29.2,110,132.72,0,0,9,5,Indian,Chennai Super Kings,2014
49,Aditya Tare,15,12,4,126,24,15.75,98,128.57,0,0,16,3,Indian,Mumbai Indians,2014
50,Cheteshwar Pujara,6,6,1,125,40,25,124,100.8,0,0,17,0,Indian,Kings Xi Punjab,2014
51,Stuart Binny,13,12,2,123,48,12.3,121,101.65,0,0,4,5,Indian,Rajasthan Royals,2014
52,Chidhambaram Gautam,9,9,2,121,33,17.28,111,109,0,0,13,5,Indian,Mumbai Indians,2014
53,David Hussey,5,4,2,116,50,58,94,123.4,0,1,8,6,Overseas,Chennai Super Kings,2014
54,Mayank Agarwal,8,8,0,115,31,14.37,91,126.37,0,0,12,3,Indian,Delhi Capitals,2014
55,Darren Sammy,10,9,2,108,29,15.42,91,118.68,0,0,4,8,Overseas,Sunrisers Hyderabad,2014
56,Yogesh Takawale,5,5,0,104,45,20.8,91,114.28,0,0,17,1,Indian,Royal Challengers Bangalore,2014
57,Brad Hodge,4,4,1,101,40,33.66,72,140.27,0,0,4,6,Overseas,Rajasthan Royals,2014
58,Mitchell Starc,14,9,3,85,29,14.16,84,101.19,0,0,9,0,Overseas,Royal Challengers Bangalore,2014
59,Rishi Dhawan,13,6,4,82,23,41,75,109.33,0,0,8,1,Indian,Kings Xi Punjab,2014
60,Sachin Rana,9,7,4,73,19,24.33,65,112.3,0,0,7,1,Indian,Royal Challengers Bangalore,2014
61,Venugopal Rao,7,5,2,71,27,23.66,63,112.69,0,0,8,0,Indian,Sunrisers Hyderabad,2014
62,Shaun Marsh,2,2,0,70,40,35,52,134.61,0,0,7,3,Overseas,Kings Xi Punjab,2014
63,Rajat Bhatia,12,7,2,67,23,13.4,53,126.41,0,0,4,3,Indian,Rajasthan Royals,2014
64,Axar Patel,17,8,2,62,42,10.33,60,103.33,0,0,6,1,Indian,Kings Xi Punjab,2014
65,Ross Taylor,4,4,1,59,43,19.66,59,100,0,0,6,0,Overseas,Delhi Capitals,2014
66,Chris Lynn,2,2,0,58,45,29,49,118.36,0,0,5,3,Overseas,Kolkata Knight Riders,2014
67,Mitchell Johnson,14,8,5,56,16,18.66,50,112,0,0,4,3,Overseas,Kings Xi Punjab,2014
68,Irfan Pathan,10,6,4,55,23,27.5,54,101.85,0,0,5,0,Indian,Sunrisers Hyderabad,2014
69,Ryan ten Doeschate,10,7,3,52,25,13,33,157.57,0,0,3,4,Overseas,Kolkata Knight Riders,2014
70,Albie Morkel,7,5,2,45,16,15,41,109.75,0,0,1,3,Overseas,Royal Challengers Bangalore,2014
71,Ravichandran Ashwin,16,6,3,45,14,15,45,100,0,0,4,0,Indian,Chennai Super Kings,2014
72,Abhishek Nayar,5,4,1,43,23,14.33,47,91.48,0,0,5,1,Indian,Rajasthan Royals,2014
73,Jimmy Neesham,4,3,0,42,22,14,46,91.3,0,0,3,1,Overseas,Delhi Capitals,2014
74,Karn Sharma,14,8,4,42,17,10.5,29,144.82,0,0,1,3,Indian,Sunrisers Hyderabad,2014
75,Ben Dunk,3,3,0,40,20,13.33,35,114.28,0,0,7,0,Overseas,Mumbai Indians,2014
76,Rilee Rossouw,3,3,0,39,24,13,41,95.12,0,0,2,2,Overseas,Royal Challengers Bangalore,2014
77,Kevon Cooper,5,5,2,39,32,13,26,150,0,0,2,3,Overseas,Rajasthan Royals,2014
78,Varun Aaron,10,3,3,35,17,0,34,102.94,0,0,2,1,Indian,Royal Challengers Bangalore,2014
79,Dhawal Kulkarni,8,2,2,35,28,0,25,140,0,0,1,2,Indian,Rajasthan Royals,2014
80,Mithun Manhas,12,5,3,35,13,17.5,23,152.17,0,0,3,1,Indian,Chennai Super Kings,2014
81,Ankit Sharma,3,2,0,34,30,17,30,113.33,0,0,4,1,Indian,Rajasthan Royals,2014
82,Piyush Chawla,11,5,2,31,17,10.33,19,163.15,0,0,4,1,Indian,Kolkata Knight Riders,2014
83,Laxmi Ratan Shukla,5,3,0,31,21,10.33,38,81.57,0,0,2,1,Indian,Delhi Capitals,2014
84,Vijay Zol,3,2,0,29,16,14.5,26,111.53,0,0,3,1,Indian,Royal Challengers Bangalore,2014
85,Harbhajan Singh,14,7,2,28,10,5.6,25,112,0,0,2,2,Indian,Mumbai Indians,2014
86,Mandeep Singh,3,3,0,24,21,8,26,92.3,0,0,2,0,Indian,Kings Xi Punjab,2014
87,Dale Steyn,14,4,1,22,12,7.33,26,84.61,0,0,1,0,Overseas,Sunrisers Hyderabad,2014
88,Rahul Shukla,3,3,2,18,14,18,21,85.71,0,0,2,0,Indian,Delhi Capitals,2014
89,Nic Maddinson,2,2,0,16,12,8,14,114.28,0,0,3,0,Overseas,Royal Challengers Bangalore,2014
90,Rahul Tewatia,3,1,0,16,16,16,13,123.07,0,0,0,1,Indian,Rajasthan Royals,2014
91,Jason Holder,1,1,0,16,16,16,12,133.33,0,0,2,1,Overseas,Sunrisers Hyderabad,2014
92,Ravi Rampaul,2,1,0,13,13,13,13,100,0,0,0,1,Overseas,Royal Challengers Bangalore,2014
93,Harshal Patel,3,3,1,13,6,6.5,7,185.71,0,0,1,1,Indian,Royal Challengers Bangalore,2014
94,Shreyas Gopal,4,1,0,11,11,11,10,110,0,0,1,0,Indian,Mumbai Indians,2014
95,Sunil Narine,16,5,3,10,6,5,14,71.42,0,0,0,0,Overseas,Kolkata Knight Riders,2014
96,Moises Henriques,4,2,0,9,9,4.5,14,64.28,0,0,1,0,Overseas,Sunrisers Hyderabad,2014
97,Zaheer Khan,6,4,3,8,7,8,7,114.28,0,0,0,1,Indian,Mumbai Indians,2014
98,Dwayne Bravo,1,1,1,8,8,0,3,266.66,0,0,0,1,Overseas,Chennai Super Kings,2014
99,Imran Tahir,6,2,0,8,4,4,10,80,0,0,2,0,Overseas,Delhi Capitals,2014
100,Ben Cutting,1,1,0,8,8,8,6,133.33,0,0,0,1,Overseas,Rajasthan Royals,2014
1,Michael Hussey,17,17,3,733,95,52.35,566,129.5,0,6,81,17,Overseas,Chennai Super Kings,2013
2,Chris Gayle,16,16,4,708,175,59,453,156.29,1,4,57,51,Overseas,Royal Challengers Bangalore,2013
3,Virat Kohli,16,16,2,634,99,45.28,457,138.73,0,6,64,22,Indian,Royal Challengers Bangalore,2013
4,Suresh Raina,18,17,4,548,100,42.15,365,150.13,1,4,50,18,Indian,Chennai Super Kings,2013
5,Shane Watson,16,16,2,543,101,38.78,380,142.89,1,2,59,22,Overseas,Rajasthan Royals,2013
6,Rohit Sharma,19,19,5,538,79,38.42,409,131.54,0,4,35,28,Indian,Mumbai Indians,2013
7,Dinesh Karthik,19,19,1,510,86,28.33,411,124.08,0,2,54,14,Indian,Mumbai Indians,2013
8,Ajinkya Rahane,18,18,4,488,68,34.85,458,106.55,0,4,42,11,Indian,Rajasthan Royals,2013
9,Rahul Dravid,18,17,1,471,65,29.43,425,110.82,0,4,64,5,Indian,Rajasthan Royals,2013
10,MS Dhoni,18,16,5,461,67,41.9,283,162.89,0,4,32,25,Indian,Chennai Super Kings,2013
13,Kieron Pollard,18,18,8,420,66,42,281,149.46,0,3,27,29,Overseas,Mumbai Indians,2013
14,Dwayne Smith,13,13,0,418,68,32.15,341,122.58,0,4,40,19,Overseas,Mumbai Indians,2013
15,David Miller,12,12,5,418,101,59.71,254,164.56,1,3,28,24,Overseas,Kings Xi Punjab,2013
16,David Warner,16,16,3,410,77,31.53,323,126.93,0,4,41,14,Overseas,Delhi Capitals,2013
17,Gautam Gambhir,16,16,0,406,60,25.37,343,118.36,0,4,51,5,Indian,Kolkata Knight Riders,2013
18,AB de Villiers,14,14,4,360,64,36,219,164.38,0,2,34,15,Overseas,Royal Challengers Bangalore,2013
19,Yusuf Pathan,16,16,5,332,72,30.18,240,138.33,0,1,30,14,Indian,Kolkata Knight Riders,2013
20,Mahela Jayawardene,15,15,0,331,66,22.06,313,105.75,0,2,39,6,Overseas,Delhi Capitals,2013
21,Murali Vijay,15,15,1,312,55,22.28,286,109.09,0,2,27,8,Indian,Chennai Super Kings,2013
22,Jacques Kallis,16,16,1,311,41,20.73,322,96.58,0,0,35,3,Overseas,Kolkata Knight Riders,2013
23,Shikhar Dhawan,10,10,2,311,73,38.87,253,122.92,0,3,37,5,Indian,Sunrisers Hyderabad,2013
24,Eoin Morgan,14,13,2,307,51,27.9,240,127.91,0,1,28,13,Overseas,Kolkata Knight Riders,2013
25,Shaun Marsh,8,8,0,300,77,37.5,249,120.48,0,3,39,4,Overseas,Kings Xi Punjab,2013
26,Virender Sehwag,13,13,1,295,95,24.58,233,126.6,0,1,41,6,Indian,Delhi Capitals,2013
27,Parthiv Patel,13,13,0,294,61,22.61,255,115.29,0,1,37,4,Indian,Sunrisers Hyderabad,2013
28,Adam Gilchrist,13,13,1,294,85,24.5,229,128.38,0,1,41,6,Overseas,Kings Xi Punjab,2013
29,Brad Hodge,17,14,7,293,54,41.85,218,134.4,0,1,27,9,Overseas,Rajasthan Royals,2013
30,Stuart Binny,17,16,7,293,41,32.55,199,147.23,0,0,25,12,Indian,Rajasthan Royals,2013
31,Sachin Tendulkar,14,14,1,287,54,22.07,231,124.24,0,1,38,5,Indian,Mumbai Indians,2013
32,Ambati Rayudu,19,17,3,265,37,18.92,231,114.71,0,0,22,4,Indian,Mumbai Indians,2013
33,Mandeep Singh,16,14,1,260,77,20,223,116.59,0,1,36,0,Indian,Kings Xi Punjab,2013
34,Manvinder Bisla,14,14,1,255,92,19.61,236,108.05,0,2,36,6,Indian,Kolkata Knight Riders,2013
35,Hanuma Vihari,17,17,3,241,46,17.21,278,86.69,0,0,17,1,Indian,Sunrisers Hyderabad,2013
37,David Hussey,12,11,1,235,41,23.5,209,112.44,0,0,20,6,Overseas,Kings Xi Punjab,2013
38,Thisara Perera,16,14,4,233,40,23.3,163,142.94,0,0,12,14,Overseas,Sunrisers Hyderabad,2013
39,Cameron White,13,13,1,209,52,17.41,191,109.42,0,1,18,7,Overseas,Sunrisers Hyderabad,2013
40,Sanju Samson,11,10,2,206,63,25.75,178,115.73,0,1,19,5,Indian,Rajasthan Royals,2013
41,Ravindra Jadeja,18,14,6,201,38,25.12,135,148.88,0,0,17,6,Indian,Chennai Super Kings,2013
42,Azhar Mahmood,11,10,0,196,80,19.6,154,127.27,0,2,22,5,Overseas,Kings Xi Punjab,2013
43,Ben Rohrer,8,8,2,193,64,32.16,140,137.85,0,1,21,5,Overseas,Delhi Capitals,2013
44,Darren Sammy,10,9,3,174,60,29,132,131.81,0,1,11,10,Overseas,Sunrisers Hyderabad,2013
46,Moises Henriques,10,9,5,165,44,41.25,125,132,0,0,20,3,Overseas,Royal Challengers Bangalore,2013
47,Manan Vohra,12,10,2,161,43,20.12,117,137.6,0,0,22,2,Indian,Kings Xi Punjab,2013
49,Unmukt Chand,9,9,0,158,41,17.55,158,100,0,0,17,4,Indian,Delhi Capitals,2013
50,Kedar Jadhav,12,10,3,152,31,21.71,124,122.58,0,0,8,5,Indian,Delhi Capitals,2013
51,Manoj Tiwary,10,9,1,146,33,18.25,140,104.28,0,0,12,1,Indian,Kolkata Knight Riders,2013
52,Irfan Pathan,15,13,5,142,24,17.75,152,93.42,0,0,9,3,Indian,Delhi Capitals,2013
55,Manpreet Juneja,7,7,0,125,49,17.85,128,97.65,0,0,11,1,Indian,Delhi Capitals,2013
56,Ashish Reddy,12,10,4,125,36,20.83,89,140.44,0,0,8,5,Indian,Sunrisers Hyderabad,2013
57,Dishant Yagnik,12,9,1,125,34,15.62,96,130.2,0,0,17,2,Indian,Rajasthan Royals,2013
58,Subramaniam Badrinath,18,8,1,124,34,17.71,121,102.47,0,0,11,0,Indian,Chennai Super Kings,2013
59,Biplap Samantray,8,7,2,123,55,24.6,111,110.81,0,1,13,2,Indian,Sunrisers Hyderabad,2013
60,Aditya Tare,5,5,0,123,59,24.6,84,146.42,0,1,14,5,Indian,Mumbai Indians,2013
61,Dwayne Bravo,18,12,4,121,23,15.12,106,114.15,0,0,11,3,Overseas,Chennai Super Kings,2013
62,Kumar Sangakkara,9,9,0,120,28,13.33,136,88.23,0,0,13,0,Overseas,Sunrisers Hyderabad,2013
63,Harbhajan Singh,19,14,8,116,25,19.33,79,146.83,0,0,12,5,Indian,Mumbai Indians,2013
64,Rajagopal Sathish,9,8,3,109,27,21.8,77,141.55,0,0,9,5,Indian,Kings Xi Punjab,2013
65,Saurabh Tiwary,9,6,2,109,52,27.25,106,102.83,0,1,4,4,Indian,Royal Challengers Bangalore,2013
66,Gurkeerat Mann Singh,11,9,1,108,31,13.5,95,113.68,0,0,10,3,Indian,Kings Xi Punjab,2013
68,Rajat Bhatia,15,10,4,99,26,16.5,80,123.75,0,0,8,3,Indian,Kolkata Knight Riders,2013
69,Cheteshwar Pujara,4,4,0,92,51,23,99,92.92,0,1,14,0,Indian,Royal Challengers Bangalore,2013
70,Akshath Reddy,7,7,0,91,27,13,101,90.09,0,0,9,0,Indian,Sunrisers Hyderabad,2013
71,Amit Mishra,17,8,2,89,30,14.83,96,92.7,0,0,9,0,Indian,Sunrisers Hyderabad,2013
72,Karn Sharma,13,7,3,85,39,21.25,86,98.83,0,0,6,2,Indian,Sunrisers Hyderabad,2013
73,Ryan ten Doeschate,4,4,1,85,42,28.33,63,134.92,0,0,9,2,Overseas,Kolkata Knight Riders,2013
74,Tillakaratne Dilshan,5,5,0,76,33,15.2,93,81.72,0,0,12,0,Overseas,Royal Challengers Bangalore,2013
75,Debabrata Das,10,6,1,75,23,15,74,101.35,0,0,5,5,Indian,Kolkata Knight Riders,2013
76,Vinay Kumar,16,5,4,70,26,70,44,159.09,0,0,6,3,Indian,Royal Challengers Bangalore,2013
77,Wriddhiman Saha,3,3,0,70,39,23.33,56,125,0,0,6,4,Indian,Chennai Super Kings,2013
78,Mayank Agarwal,5,5,0,67,29,13.4,62,108.06,0,0,6,3,Indian,Royal Challengers Bangalore,2013
80,Piyush Chawla,16,11,5,64,23,10.66,57,112.28,0,0,5,3,Indian,Kings Xi Punjab,2013
82,Luke Pomersbach,3,3,1,58,33,29,59,98.3,0,0,5,1,Overseas,Kings Xi Punjab,2013
83,Morne Morkel,10,6,1,57,23,11.4,29,196.55,0,0,6,3,Overseas,Delhi Capitals,2013
84,James Faulkner,16,9,4,57,19,11.4,57,100,0,0,5,2,Overseas,Rajasthan Royals,2013
85,Dale Steyn,17,8,6,53,18,26.5,36,147.22,0,0,5,2,Overseas,Sunrisers Hyderabad,2013
86,Ricky Ponting,6,5,0,52,28,10.4,75,69.33,0,0,3,1,Overseas,Mumbai Indians,2013
89,Praveen Kumar,15,7,1,47,24,7.83,39,120.51,0,0,3,3,Indian,Kings Xi Punjab,2013
90,Albie Morkel,8,3,0,46,23,15.33,37,124.32,0,0,2,3,Overseas,Chennai Super Kings,2013
91,Manpreet Gony,8,5,1,45,42,11.25,25,180,0,0,4,3,Indian,Kings Xi Punjab,2013
92,Chidhambaram Gautam,3,3,1,44,30,22,34,129.41,0,0,4,1,Indian,Delhi Capitals,2013
93,Johan Botha,6,6,0,43,23,7.16,52,82.69,0,0,5,1,Overseas,Delhi Capitals,2013
94,Arun Karthik,12,5,2,41,19,13.66,38,107.89,0,0,3,1,Indian,Royal Challengers Bangalore,2013
95,Mitchell Johnson,17,6,2,39,11,9.75,36,108.33,0,0,2,2,Overseas,Mumbai Indians,2013
96,Kevon Cooper,14,5,1,39,26,9.75,22,177.27,0,0,4,2,Overseas,Rajasthan Royals,2013
97,Umesh Yadav,16,8,7,38,12,38,38,100,0,0,3,1,Indian,Delhi Capitals,2013
98,Ravi Rampaul,10,6,2,38,23,9.5,37,102.7,0,0,3,1,Overseas,Royal Challengers Bangalore,2013
99,Glenn Maxwell,3,3,1,36,23,18,27,133.33,0,0,1,4,Overseas,Mumbai Indians,2013
100,Ravichandran Ashwin,18,5,1,35,11,8.75,49,71.42,0,0,4,0,Indian,Chennai Super Kings,2013
1,Chris Gayle,15,14,2,733,128,61.08,456,160.74,1,7,46,59,Overseas,Royal Challengers Bangalore,2012
2,Gautam Gambhir,17,17,2,590,93,39.33,411,143.55,0,6,64,17,Indian,Kolkata Knight Riders,2012
4,Ajinkya Rahane,16,16,2,560,103,40,433,129.33,1,3,73,10,Indian,Rajasthan Royals,2012
5,Virender Sehwag,16,16,1,495,87,33,307,161.23,0,5,57,19,Indian,Delhi Capitals,2012
7,Rahul Dravid,16,16,0,462,58,28.87,412,112.13,0,2,63,4,Indian,Rajasthan Royals,2012
8,Suresh Raina,19,18,1,441,73,25.94,325,135.69,0,1,36,19,Indian,Chennai Super Kings,2012
9,Rohit Sharma,17,16,2,433,109,30.92,342,126.6,1,3,39,18,Indian,Mumbai Indians,2012
10,Mandeep Singh,16,16,0,432,75,27,342,126.31,0,2,53,7,Indian,Kings Xi Punjab,2012
11,Jacques Kallis,17,17,1,409,79,25.56,384,106.51,0,2,34,10,Overseas,Kolkata Knight Riders,2012
13,Faf du Plessis,13,12,0,398,73,33.16,304,130.92,0,3,29,17,Overseas,Chennai Super Kings,2012
14,David Hussey,16,15,3,396,68,33,305,129.83,0,2,28,17,Overseas,Kings Xi Punjab,2012
15,Dwayne Bravo,19,16,8,371,48,46.37,264,140.53,0,0,20,20,Overseas,Chennai Super Kings,2012
16,Virat Kohli,16,15,2,364,73,28,326,111.65,0,2,33,9,Indian,Royal Challengers Bangalore,2012
18,MS Dhoni,19,17,5,358,51,29.83,278,128.77,0,1,26,9,Indian,Chennai Super Kings,2012
19,Owais Shah,13,13,4,340,76,37.77,256,132.81,0,3,24,16,Overseas,Rajasthan Royals,2012
20,Murali Vijay,14,14,1,336,113,25.84,267,125.84,1,0,39,10,Indian,Chennai Super Kings,2012
21,Shaun Marsh,13,13,2,336,68,30.54,280,120,0,2,39,7,Overseas,Kings Xi Punjab,2012
22,Mahela Jayawardene,16,15,3,335,56,27.91,298,112.41,0,3,39,3,Overseas,Delhi Capitals,2012
23,Ambati Rayudu,17,15,6,333,81,37,252,132.14,0,2,21,14,Indian,Mumbai Indians,2012
24,Sachin Tendulkar,13,13,2,324,74,29.45,283,114.48,0,2,39,4,Indian,Mumbai Indians,2012
25,AB de Villiers,16,13,5,319,64,39.87,198,161.11,0,3,26,15,Overseas,Royal Challengers Bangalore,2012
26,Kevin Pietersen,8,8,3,305,103,61,207,147.34,1,1,22,20,Overseas,Delhi Capitals,2012
27,Brendon McCullum,12,12,0,289,56,24.08,283,102.12,0,1,37,3,Overseas,Kolkata Knight Riders,2012
28,Tillakaratne Dilshan,10,9,1,285,76,35.62,261,109.19,0,3,33,5,Overseas,Royal Challengers Bangalore,2012
30,Michael Hussey,8,8,0,261,56,32.62,236,110.59,0,2,28,8,Overseas,Chennai Super Kings,2012
31,Manoj Tiwary,16,15,5,260,59,26,246,105.69,0,1,21,3,Indian,Kolkata Knight Riders,2012
33,David Warner,8,8,1,256,109,36.57,156,164.1,1,1,28,14,Overseas,Delhi Capitals,2012
34,Naman Ojha,18,16,5,255,64,23.18,224,113.83,0,1,21,13,Indian,Delhi Capitals,2012
35,Shane Watson,7,7,1,255,90,42.5,168,151.78,0,2,26,14,Overseas,Rajasthan Royals,2012
36,Brad Hodge,12,12,4,245,48,30.62,175,140,0,0,18,9,Overseas,Rajasthan Royals,2012
38,Dinesh Karthik,17,14,1,238,44,18.3,213,111.73,0,0,30,2,Indian,Mumbai Indians,2012
39,Mayank Agarwal,16,12,1,225,64,20.45,158,142.4,0,1,19,15,Indian,Royal Challengers Bangalore,2012
40,James Franklin,12,11,2,220,79,24.44,223,98.65,0,1,15,6,Overseas,Mumbai Indians,2012
41,Kieron Pollard,14,11,2,220,64,24.44,159,138.36,0,2,15,14,Overseas,Mumbai Indians,2012
42,Ashok Menaria,15,12,1,220,40,20,202,108.91,0,0,14,8,Indian,Rajasthan Royals,2012
43,Manvinder Bisla,7,7,0,213,89,30.42,160,133.12,0,1,16,10,Indian,Kolkata Knight Riders,2012
45,Ross Taylor,12,12,2,197,55,19.7,171,115.2,0,1,12,7,Overseas,Delhi Capitals,2012
46,Subramaniam Badrinath,15,9,2,196,57,28,181,108.28,0,1,23,2,Indian,Chennai Super Kings,2012
47,Yusuf Pathan,17,16,6,194,40,19.4,169,114.79,0,0,10,7,Indian,Kolkata Knight Riders,2012
49,Ravindra Jadeja,19,14,2,191,48,15.91,151,126.49,0,0,13,9,Indian,Chennai Super Kings,2012
50,Saurabh Tiwary,15,11,3,191,36,23.87,170,112.35,0,0,9,8,Indian,Royal Challengers Bangalore,2012
51,Azhar Mahmood,11,10,2,186,36,23.25,142,130.98,0,0,16,8,Overseas,Kings Xi Punjab,2012
52,Irfan Pathan,17,12,5,176,42,25.14,126,139.68,0,0,14,6,Indian,Delhi Capitals,2012
53,Adam Gilchrist,7,7,2,172,64,34.4,143,120.27,0,1,21,4,Overseas,Kings Xi Punjab,2012
54,Dwayne Smith,7,6,2,157,87,39.25,98,160.2,0,1,18,7,Overseas,Mumbai Indians,2012
55,Yogesh Nagar,13,8,3,152,43,30.4,133,114.28,0,0,13,3,Indian,Delhi Capitals,2012
58,Nitin Saini,10,10,0,140,50,14,141,99.29,0,1,16,0,Indian,Kings Xi Punjab,2012
59,Venugopal Rao,10,7,1,132,36,22,126,104.76,0,0,8,5,Indian,Delhi Capitals,2012
61,Debabrata Das,15,10,7,126,35,42,93,135.48,0,0,9,6,Indian,Kolkata Knight Riders,2012
65,Harbhajan Singh,17,11,2,108,33,12,80,135,0,0,14,3,Indian,Mumbai Indians,2012
66,Albie Morkel,16,12,5,107,28,15.28,68,157.35,0,0,5,6,Overseas,Chennai Super Kings,2012
67,Piyush Chawla,16,12,4,106,21,13.25,88,120.45,0,0,9,4,Indian,Kings Xi Punjab,2012
68,David Miller,6,6,3,98,34,32.66,75,130.66,0,0,6,4,Overseas,Kings Xi Punjab,2012
70,Shakib Al Hasan,8,7,1,91,42,15.16,74,122.97,0,0,6,3,Overseas,Kolkata Knight Riders,2012
71,Stuart Binny,8,6,2,90,30,22.5,67,134.32,0,0,9,3,Indian,Rajasthan Royals,2012
73,Gurkeerat Mann Singh,5,4,1,86,29,28.66,52,165.38,0,0,12,2,Indian,Kings Xi Punjab,2012
74,Richard Levi,6,6,0,83,50,13.83,73,113.69,0,1,10,4,Overseas,Mumbai Indians,2012
75,Herschelle Gibbs,3,3,1,81,66,40.5,88,92.04,0,1,8,2,Overseas,Mumbai Indians,2012
76,Laxmi Ratan Shukla,11,8,2,75,26,12.5,57,131.57,0,0,4,5,Indian,Kolkata Knight Riders,2012
78,Bipul Sharma,5,4,1,72,35,24,47,153.19,0,0,6,3,Indian,Kings Xi Punjab,2012
79,Shreevats Goswami,11,6,1,69,24,13.8,67,102.98,0,0,4,1,Indian,Rajasthan Royals,2012
80,Vinay Kumar,15,7,2,68,25,13.6,62,109.67,0,0,3,2,Indian,Royal Challengers Bangalore,2012
81,Siddharth Chitnis,6,4,1,66,38,22,62,106.45,0,0,7,1,Indian,Kings Xi Punjab,2012
82,Johan Botha,11,7,3,58,14,14.5,54,107.4,0,0,4,1,Overseas,Rajasthan Royals,2012
83,Aaron Finch,2,2,0,55,30,27.5,51,107.84,0,0,8,0,Overseas,Delhi Capitals,2012
84,Lasith Malinga,14,6,0,55,17,9.16,53,103.77,0,0,4,3,Overseas,Mumbai Indians,2012
86,Andrew McDonald,4,3,1,47,30,23.5,35,134.28,0,0,6,2,Overseas,Royal Challengers Bangalore,2012
87,Andre Russell,4,2,0,47,31,23.5,26,180.76,0,0,3,3,Overseas,Delhi Capitals,2012
88,Abhishek Nayar,4,4,1,45,24,15,49,91.83,0,0,2,1,Indian,Kings Xi Punjab,2012
89,Brett Lee,10,3,1,42,25,21,20,210,0,0,2,4,Overseas,Kolkata Knight Riders,2012
91,Kevon Cooper,6,4,2,38,14,19,20,190,0,0,3,3,Overseas,Rajasthan Royals,2012
93,Pawan Negi,8,4,2,36,14,18,29,124.13,0,0,4,1,Indian,Delhi Capitals,2012
94,Unmukt Chand,2,2,0,36,18,18,34,105.88,0,0,2,3,Indian,Delhi Capitals,2012
95,Rajat Bhatia,17,6,3,35,12,11.66,28,125,0,0,4,0,Indian,Kolkata Knight Riders,2012
96,Praveen Kumar,16,7,4,35,10,11.66,30,116.66,0,0,2,1,Indian,Kings Xi Punjab,2012
98,Robin Peterson,5,5,2,32,16,10.66,30,106.66,0,0,3,1,Overseas,Mumbai Indians,2012
99,Daniel Vettori,9,6,2,31,20,7.75,26,119.23,0,0,3,1,Overseas,Royal Challengers Bangalore,2012
100,Paul Valthaty,6,6,0,30,13,5,51,58.82,0,0,4,0,Indian,Kings Xi Punjab,2012
1,Chris Gayle,12,12,3,608,107,67.55,332,183.13,2,3,57,44,Overseas,Royal Challengers Bangalore,2011
2,Virat Kohli,16,16,4,557,71,46.41,460,121.08,0,4,55,16,Indian,Royal Challengers Bangalore,2011
3,Sachin Tendulkar,16,16,3,553,100,42.53,488,113.31,1,2,67,5,Indian,Mumbai Indians,2011
4,Shaun Marsh,14,13,1,504,95,42,344,146.51,0,4,52,20,Overseas,Kings Xi Punjab,2011
5,Michael Hussey,14,14,2,492,83,41,414,118.84,0,4,53,6,Overseas,Chennai Super Kings,2011
6,Paul Valthaty,14,14,1,463,120,35.61,338,136.98,1,2,56,20,Indian,Kings Xi Punjab,2011
7,Suresh Raina,16,16,2,438,73,31.28,325,134.76,0,4,36,17,Indian,Chennai Super Kings,2011
8,Murali Vijay,16,16,0,434,95,27.12,339,128.02,0,3,34,20,Indian,Chennai Super Kings,2011
9,Virender Sehwag,11,11,0,424,119,38.54,240,176.66,1,2,51,18,Indian,Delhi Capitals,2011
10,Jacques Kallis,15,14,2,424,80,35.33,378,112.16,0,4,46,6,Overseas,Kolkata Knight Riders,2011
12,Subramaniam Badrinath,16,13,6,396,71,56.57,313,126.51,0,5,38,9,Indian,Chennai Super Kings,2011
13,Ambati Rayudu,16,16,2,395,63,28.21,350,112.85,0,4,44,9,Indian,Mumbai Indians,2011
14,MS Dhoni,16,13,4,392,70,43.55,247,158.7,0,2,25,23,Indian,Chennai Super Kings,2011
15,Adam Gilchrist,14,14,0,383,106,27.35,295,129.83,1,2,41,18,Overseas,Kings Xi Punjab,2011
16,Gautam Gambhir,15,15,4,378,75,34.36,317,119.24,0,2,44,3,Indian,Kolkata Knight Riders,2011
17,Rohit Sharma,16,14,3,372,87,33.81,297,125.25,0,3,32,13,Indian,Mumbai Indians,2011
18,Manoj Tiwary,15,14,7,359,61,51.28,325,110.46,0,1,26,14,Indian,Kolkata Knight Riders,2011
21,Rahul Dravid,12,12,1,343,66,31.18,314,109.23,0,1,45,2,Indian,Rajasthan Royals,2011
23,Venugopal Rao,14,14,2,336,60,28,280,120,0,1,30,13,Indian,Delhi Capitals,2011
24,Shane Watson,11,11,1,330,89,33,253,130.43,0,1,31,17,Overseas,Rajasthan Royals,2011
25,David Warner,13,13,0,324,77,24.92,276,117.39,0,3,34,11,Overseas,Delhi Capitals,2011
26,AB de Villiers,16,13,4,312,65,34.66,243,128.39,0,2,21,14,Overseas,Royal Challengers Bangalore,2011
30,Yusuf Pathan,15,11,1,283,47,28.3,201,140.79,0,0,24,13,Indian,Kolkata Knight Riders,2011
32,Dinesh Karthik,14,13,2,282,69,25.63,220,128.18,0,1,32,7,Indian,Kings Xi Punjab,2011
36,Johan Botha,10,9,4,230,67,46,198,116.16,0,1,20,2,Overseas,Rajasthan Royals,2011
37,Tillakaratne Dilshan,10,10,2,226,59,28.25,180,125.55,0,2,33,3,Overseas,Royal Challengers Bangalore,2011
41,James Hopes,10,8,3,196,55,39.2,158,124.05,0,2,22,3,Overseas,Delhi Capitals,2011
43,Saurabh Tiwary,16,13,5,187,42,23.37,188,99.46,0,0,13,5,Indian,Royal Challengers Bangalore,2011
45,Ross Taylor,12,11,6,181,47,36.2,152,119.07,0,0,11,7,Overseas,Rajasthan Royals,2011
46,Ashok Menaria,13,10,1,180,34,20,152,118.42,0,0,10,10,Indian,Rajasthan Royals,2011
47,Naman Ojha,14,14,1,160,29,12.3,161,99.37,0,0,11,11,Indian,Delhi Capitals,2011
48,Irfan Pathan,14,12,4,150,44,18.75,138,108.69,0,0,12,6,Indian,Delhi Capitals,2011
49,Kieron Pollard,16,13,3,146,28,14.6,133,109.77,0,0,12,6,Overseas,Mumbai Indians,2011
50,Mayank Agarwal,8,7,0,141,41,20.14,120,117.5,0,0,16,4,Indian,Royal Challengers Bangalore,2011
51,Albie Morkel,15,13,7,138,30,23,102,135.29,0,0,8,8,Overseas,Chennai Super Kings,2011
52,Eoin Morgan,12,9,0,137,66,15.22,117,117.09,0,1,17,3,Overseas,Kolkata Knight Riders,2011
53,Andrew Symonds,11,9,5,135,44,33.75,138,97.82,0,0,9,3,Overseas,Mumbai Indians,2011
54,Ajinkya Rahane,10,7,1,120,52,20,98,122.44,0,1,12,2,Indian,Rajasthan Royals,2011
55,Aiden Blizzard,6,6,0,120,51,20,87,137.93,0,1,21,2,Overseas,Mumbai Indians,2011
57,Yogesh Nagar,11,10,3,111,23,15.85,100,111,0,0,6,6,Indian,Delhi Capitals,2011
58,James Franklin,8,5,3,107,45,53.5,78,137.17,0,0,10,2,Overseas,Mumbai Indians,2011
59,Ryan ten Doeschate,6,3,1,107,70,53.5,73,146.57,0,1,9,5,Overseas,Kolkata Knight Riders,2011
61,Harbhajan Singh,15,8,5,103,30,34.33,71,145.07,0,0,9,6,Indian,Mumbai Indians,2011
62,Davy Jacobs,6,6,0,92,32,15.33,88,104.54,0,0,10,4,Overseas,Mumbai Indians,2011
63,Ryan McLaren,6,4,1,90,51,30,96,93.75,0,1,7,1,Overseas,Kings Xi Punjab,2011
64,Srikkanth Anirudha,9,5,1,83,64,20.75,74,112.16,0,1,6,3,Indian,Chennai Super Kings,2011
65,Travis Birt,5,5,0,75,27,15,58,129.31,0,0,9,2,Overseas,Delhi Capitals,2011
67,Manvinder Bisla,5,5,0,72,27,14.4,89,80.89,0,0,8,0,Indian,Kolkata Knight Riders,2011
68,Wriddhiman Saha,7,3,2,68,46,68,63,107.93,0,0,2,4,Indian,Chennai Super Kings,2011
71,Tirumalasetti Suman,8,7,1,65,36,10.83,51,127.45,0,0,5,5,Indian,Mumbai Indians,2011
72,David Hussey,8,8,2,64,21,10.66,63,101.58,0,0,3,3,Overseas,Kings Xi Punjab,2011
73,Abhishek Nayar,10,9,2,61,17,8.71,67,91.04,0,0,9,0,Indian,Kings Xi Punjab,2011
74,Abhishek Raut,7,4,1,60,25,20,58,103.44,0,0,5,1,Indian,Rajasthan Royals,2011
75,Luke Pomersbach,5,4,0,51,29,12.75,39,130.76,0,0,4,2,Overseas,Royal Challengers Bangalore,2011
79,Amit Paunikar,4,4,0,49,20,12.25,57,85.96,0,0,9,0,Indian,Rajasthan Royals,2011
80,Piyush Chawla,12,6,3,48,15,16,55,87.27,0,0,2,2,Indian,Kings Xi Punjab,2011
82,Mandeep Singh,6,5,1,47,15,11.75,41,114.63,0,0,4,1,Indian,Kings Xi Punjab,2011
83,Aaron Finch,6,6,0,47,25,7.83,46,102.17,0,0,3,3,Overseas,Delhi Capitals,2011
86,Sunny Singh,6,5,1,43,20,10.75,31,138.7,0,0,6,1,Indian,Kings Xi Punjab,2011
88,Mohammad Kaif,8,4,1,41,15,13.66,33,124.24,0,0,5,0,Indian,Royal Challengers Bangalore,2011
89,Morne Morkel,11,5,3,40,16,20,25,160,0,0,3,2,Overseas,Delhi Capitals,2011
91,Stuart Binny,6,2,1,37,30,37,31,119.35,0,0,2,1,Indian,Rajasthan Royals,2011
93,Cheteshwar Pujara,7,3,0,34,25,11.33,31,109.67,0,0,4,0,Indian,Royal Challengers Bangalore,2011
94,Asad Pathan,6,5,1,33,14,8.25,16,206.25,0,0,5,2,Indian,Royal Challengers Bangalore,2011
95,Ryan Harris,13,7,2,31,17,6.2,39,79.48,0,0,3,0,Overseas,Kings Xi Punjab,2011
96,Shreevats Goswami,5,4,0,29,22,7.25,29,100,0,0,5,0,Indian,Kolkata Knight Riders,2011
97,Shakib Al Hasan,7,3,1,29,26,14.5,22,131.81,0,0,4,0,Overseas,Kolkata Knight Riders,2011
99,Praveen Kumar,13,7,4,27,15,9,31,87.09,0,0,2,1,Indian,Kings Xi Punjab,2011
100,Abhimanyu Mithun,12,6,3,27,11,9,20,135,0,0,3,1,Indian,Royal Challengers Bangalore,2011
1,Sachin Tendulkar,15,15,2,618,89,47.53,466,132.61,0,5,86,3,Indian,Mumbai Indians,2010
2,Jacques Kallis,16,16,4,572,89,47.66,494,115.78,0,6,67,9,Overseas,Royal Challengers Bangalore,2010
3,Suresh Raina,16,16,5,520,83,47.27,364,142.85,0,4,45,22,Indian,Chennai Super Kings,2010
4,Sourav Ganguly,14,14,1,493,88,37.92,419,117.66,0,4,58,15,Indian,Kolkata Knight Riders,2010
5,Murali Vijay,15,15,2,458,127,35.23,292,156.84,1,2,36,26,Indian,Chennai Super Kings,2010
6,Mahela Jayawardene,13,13,3,439,110,43.9,298,147.31,1,1,55,11,Overseas,Kings Xi Punjab,2010
8,Saurabh Tiwary,16,15,1,419,61,29.92,309,135.59,0,3,29,18,Indian,Mumbai Indians,2010
10,Naman Ojha,14,14,2,377,94,31.41,285,132.28,0,2,42,15,Indian,Rajasthan Royals,2010
11,Robin Uthappa,16,14,2,374,68,31.16,218,171.55,0,3,21,27,Indian,Royal Challengers Bangalore,2010
12,Kumar Sangakkara,13,12,0,357,56,29.75,257,138.91,0,2,47,5,Overseas,Kings Xi Punjab,2010
13,Ambati Rayudu,14,14,1,356,55,27.38,246,144.71,0,2,34,13,Indian,Mumbai Indians,2010
14,Virender Sehwag,14,14,0,356,75,25.42,218,163.3,0,3,47,14,Indian,Delhi Capitals,2010
15,Subramaniam Badrinath,16,15,4,356,55,32.36,303,117.49,0,2,41,5,Indian,Chennai Super Kings,2010
16,Matthew Hayden,16,16,0,346,93,21.62,279,124.01,0,1,37,16,Overseas,Chennai Super Kings,2010
17,Yusuf Pathan,14,14,2,333,100,27.75,201,165.67,1,1,22,24,Indian,Rajasthan Royals,2010
19,Virat Kohli,16,13,2,307,58,27.9,212,144.81,0,1,26,12,Indian,Royal Challengers Bangalore,2010
20,Chris Gayle,9,9,0,292,88,32.44,184,158.69,0,2,30,16,Overseas,Kolkata Knight Riders,2010
22,MS Dhoni,13,11,2,287,66,31.88,210,136.66,0,2,26,8,Indian,Chennai Super Kings,2010
23,David Warner,11,11,1,282,107,28.2,191,147.64,1,1,27,14,Overseas,Delhi Capitals,2010
24,Dinesh Karthik,14,14,1,278,69,21.38,237,117.29,0,1,26,6,Indian,Delhi Capitals,2010
25,Michael Lumb,11,11,0,278,83,25.27,192,144.79,0,1,45,6,Overseas,Rajasthan Royals,2010
26,Gautam Gambhir,11,10,1,277,72,30.77,217,127.64,0,2,32,2,Indian,Delhi Capitals,2010
27,Irfan Pathan,14,13,5,276,60,34.5,186,148.38,0,1,21,10,Indian,Kings Xi Punjab,2010
28,Kieron Pollard,14,14,2,273,45,22.75,147,185.71,0,0,23,17,Overseas,Mumbai Indians,2010
30,Rahul Dravid,16,11,2,256,52,28.44,199,128.64,0,1,34,3,Indian,Royal Challengers Bangalore,2010
31,Yuvraj Singh,14,14,2,255,43,21.25,199,128.14,0,0,20,14,Indian,Kings Xi Punjab,2010
32,Manish Pandey,13,13,1,249,42,20.75,226,110.17,0,0,27,7,Indian,Royal Challengers Bangalore,2010
33,Ravi Bopara,10,9,1,248,77,31,214,115.88,0,2,25,3,Overseas,Kings Xi Punjab,2010
34,Manoj Tiwary,13,11,2,237,75,26.33,186,127.41,0,2,23,5,Indian,Kolkata Knight Riders,2010
35,Kevin Pietersen,7,7,3,236,66,59,157,150.31,0,2,23,8,Overseas,Royal Challengers Bangalore,2010
36,Angelo Mathews,14,11,4,233,65,33.28,184,126.63,0,1,18,8,Overseas,Kolkata Knight Riders,2010
37,Manvinder Bisla,10,10,0,218,75,21.8,178,122.47,0,1,27,6,Indian,Kings Xi Punjab,2010
38,Paul Collingwood,8,7,2,203,75,40.6,156,130.12,0,3,9,13,Overseas,Delhi Capitals,2010
39,Albie Morkel,14,11,3,198,62,24.75,131,151.14,0,1,10,13,Overseas,Chennai Super Kings,2010
40,Shikhar Dhawan,10,10,0,191,56,19.1,170,112.35,0,2,23,3,Indian,Mumbai Indians,2010
41,Shane Watson,6,5,0,185,60,37,114,162.28,0,2,18,9,Overseas,Rajasthan Royals,2010
42,Abhishek Jhunjhunwala,13,11,2,183,53,20.33,166,110.24,0,1,16,4,Indian,Rajasthan Royals,2010
43,Adam Voges,9,7,3,181,45,45.25,143,126.57,0,0,15,3,Overseas,Rajasthan Royals,2010
45,Faiz Fazal,10,9,1,164,45,20.5,154,106.49,0,0,19,1,Indian,Rajasthan Royals,2010
46,Mithun Manhas,9,8,4,157,32,39.25,149,105.36,0,0,14,0,Indian,Delhi Capitals,2010
47,JP Duminy,7,7,2,157,42,31.4,131,119.84,0,0,13,5,Overseas,Mumbai Indians,2010
48,Shaun Marsh,4,4,1,147,88,49,114,128.94,0,2,14,6,Overseas,Kings Xi Punjab,2010
49,Cheteshwar Pujara,10,6,2,122,45,30.5,115,106.08,0,0,14,3,Indian,Kolkata Knight Riders,2010
50,Owais Shah,5,5,3,115,58,57.5,95,121.05,0,1,7,5,Overseas,Kolkata Knight Riders,2010
51,Brendon McCullum,5,5,1,114,57,28.5,110,103.63,0,1,14,2,Overseas,Kolkata Knight Riders,2010
52,Rajagopal Sathish,12,11,4,112,24,16,96,116.66,0,0,11,0,Indian,Mumbai Indians,2010
53,AB de Villiers,7,7,0,111,45,15.85,119,93.27,0,0,7,0,Overseas,Delhi Capitals,2010
54,Paras Dogra,9,8,0,107,41,13.37,106,100.94,0,0,4,5,Indian,Rajasthan Royals,2010
55,Harbhajan Singh,15,7,3,105,49,26.25,63,166.66,0,0,12,5,Indian,Mumbai Indians,2010
56,Brad Hodge,4,4,0,99,50,24.75,90,110,0,1,11,1,Overseas,Kolkata Knight Riders,2010
57,David Hussey,6,6,2,94,31,23.5,86,109.3,0,0,5,5,Overseas,Kolkata Knight Riders,2010
58,Ross Taylor,7,7,3,88,31,22,75,117.33,0,0,2,6,Overseas,Royal Challengers Bangalore,2010
59,Kedar Jadhav,5,5,2,76,50,25.33,56,135.71,0,1,7,2,Indian,Delhi Capitals,2010
60,Parthiv Patel,4,4,0,72,57,18,79,91.13,0,1,6,2,Indian,Chennai Super Kings,2010
61,Wriddhiman Saha,13,7,4,67,22,22.33,53,126.41,0,0,9,1,Indian,Kolkata Knight Riders,2010
62,Ryan McLaren,10,7,4,66,40,22,69,95.65,0,0,7,0,Overseas,Mumbai Indians,2010
63,Andrew McDonald,4,3,3,65,33,0,52,125,0,0,3,2,Overseas,Delhi Capitals,2010
66,Piyush Chawla,14,6,1,62,22,12.4,60,103.33,0,0,7,0,Indian,Kings Xi Punjab,2010
67,Dwayne Bravo,10,8,1,61,23,8.71,53,115.09,0,0,3,4,Overseas,Mumbai Indians,2010
68,Abhishek Nayar,3,3,1,58,27,29,51,113.72,0,0,4,2,Indian,Mumbai Indians,2010
69,Abhishek Raut,6,5,3,56,32,28,48,116.66,0,0,3,3,Indian,Rajasthan Royals,2010
70,Aditya Tare,7,4,0,50,23,12.5,36,138.88,0,0,5,3,Indian,Mumbai Indians,2010
71,Cameron White,7,5,3,48,21,24,33,145.45,0,0,3,3,Overseas,Royal Challengers Bangalore,2010
73,Tillakaratne Dilshan,6,6,0,44,17,7.33,53,83.01,0,0,6,0,Overseas,Delhi Capitals,2010
74,Graeme Smith,2,2,0,44,26,22,39,112.82,0,0,7,0,Overseas,Rajasthan Royals,2010
75,Adrian Barath,3,3,1,42,33,21,42,100,0,0,5,1,Overseas,Kings Xi Punjab,2010
76,Ajit Agarkar,7,4,3,40,17,40,29,137.93,0,0,4,0,Indian,Kolkata Knight Riders,2010
77,Amit Mishra,14,7,3,39,12,9.75,51,76.47,0,0,1,0,Indian,Delhi Capitals,2010
78,Michael Hussey,3,3,1,37,15,18.5,44,84.09,0,0,2,0,Overseas,Chennai Super Kings,2010
79,Laxmi Ratan Shukla,4,2,0,36,19,18,26,138.46,0,0,3,2,Indian,Kolkata Knight Riders,2010
80,Eoin Morgan,6,4,1,35,17,11.66,30,116.66,0,0,2,1,Overseas,Royal Challengers Bangalore,2010
82,Aditya Dole,3,2,0,34,30,17,22,154.54,0,0,3,1,Indian,Rajasthan Royals,2010
84,Daniel Vettori,3,3,2,33,19,33,27,122.22,0,0,4,0,Overseas,Delhi Capitals,2010
85,Sanath Jayasuriya,4,4,0,33,23,8.25,31,106.45,0,0,4,1,Overseas,Mumbai Indians,2010
86,MF Maharoof,7,4,1,31,28,10.33,23,134.78,0,0,2,2,Overseas,Delhi Capitals,2010
88,Ravichandran Ashwin,12,6,2,30,11,7.5,40,75,0,0,2,0,Indian,Chennai Super Kings,2010
90,Mohammad Kaif,4,3,0,28,14,9.33,30,93.33,0,0,2,0,Indian,Kings Xi Punjab,2010
92,Vinay Kumar,14,5,1,27,10,6.75,32,84.37,0,0,1,0,Indian,Royal Challengers Bangalore,2010
93,Shanthakumaran Sreesanth,6,3,3,27,15,0,21,128.57,0,0,5,0,Indian,Kings Xi Punjab,2010
94,Sridharan Sriram,1,1,0,27,27,27,29,93.1,0,0,3,0,Indian,Royal Challengers Bangalore,2010
95,JM Kemp,5,2,0,26,22,13,24,108.33,0,0,1,1,Overseas,Chennai Super Kings,2010
96,Rajat Bhatia,5,3,0,24,21,8,17,141.17,0,0,1,2,Indian,Delhi Capitals,2010
97,Zaheer Khan,14,4,3,24,23,24,13,184.61,0,0,3,1,Indian,Mumbai Indians,2010
98,Ashish Nehra,4,2,1,23,22,23,20,115,0,0,2,1,Indian,Delhi Capitals,2010
99,Murali Kartik,10,2,0,22,21,11,22,100,0,0,2,0,Indian,Kolkata Knight Riders,2010
1,Matthew Hayden,12,12,1,572,89,52,395,144.81,0,5,60,22,Overseas,Chennai Super Kings,2009
3,Suresh Raina,14,14,0,434,98,31,308,140.9,0,2,37,21,Indian,Chennai Super Kings,2009
4,JP Duminy,13,12,3,372,62,41.33,325,114.46,0,5,26,11,Overseas,Mumbai Indians,2009
6,Brad Hodge,12,12,3,365,73,40.55,310,117.74,0,3,34,9,Overseas,Kolkata Knight Riders,2009
7,Sachin Tendulkar,13,13,2,364,68,33.09,303,120.13,0,2,39,10,Indian,Mumbai Indians,2009
9,Jacques Kallis,15,15,2,361,69,27.76,332,108.73,0,3,37,8,Overseas,Royal Challengers Bangalore,2009
10,Yuvraj Singh,14,14,2,340,58,28.33,294,115.64,0,2,25,16,Indian,Kings Xi Punjab,2009
11,Kumar Sangakkara,14,13,2,332,60,30.18,324,102.46,0,2,29,5,Overseas,Kings Xi Punjab,2009
12,MS Dhoni,14,13,5,332,58,41.5,261,127.2,0,2,22,9,Indian,Chennai Super Kings,2009
13,Ravindra Jadeja,13,13,2,295,42,26.81,266,110.9,0,0,21,6,Indian,Rajasthan Royals,2009
14,Brendon McCullum,13,13,1,285,84,23.75,239,119.24,0,2,27,12,Overseas,Kolkata Knight Riders,2009
15,Ross Taylor,11,11,2,280,81,31.11,208,134.61,0,1,20,15,Overseas,Royal Challengers Bangalore,2009
16,Rahul Dravid,13,12,0,271,66,22.58,234,115.81,0,1,28,3,Indian,Royal Challengers Bangalore,2009
18,Virat Kohli,16,13,2,246,50,22.36,219,112.32,0,1,22,8,Indian,Royal Challengers Bangalore,2009
19,Yusuf Pathan,13,13,1,243,62,20.25,183,132.78,0,1,24,12,Indian,Rajasthan Royals,2009
21,Sanath Jayasuriya,12,12,0,221,52,18.41,192,115.1,0,2,23,7,Overseas,Mumbai Indians,2009
22,Mahela Jayawardene,10,10,4,219,52,36.5,165,132.72,0,1,17,7,Overseas,Kings Xi Punjab,2009
23,Dwayne Bravo,11,10,2,218,70,27.25,203,107.38,0,2,15,8,Overseas,Mumbai Indians,2009
25,Graeme Smith,12,12,1,212,77,19.27,216,98.14,0,1,27,1,Overseas,Rajasthan Royals,2009
26,Irfan Pathan,14,12,2,196,39,19.6,158,124.05,0,0,17,6,Indian,Kings Xi Punjab,2009
27,Abhishek Nayar,13,11,2,193,35,21.44,152,126.97,0,0,14,7,Indian,Mumbai Indians,2009
28,Sourav Ganguly,13,11,0,189,46,17.18,207,91.3,0,0,13,6,Indian,Kolkata Knight Riders,2009
29,Subramaniam Badrinath,14,11,2,177,59,19.66,164,107.92,0,1,20,4,Indian,Chennai Super Kings,2009
30,Robin Uthappa,15,13,2,175,66,15.9,170,102.94,0,1,18,3,Indian,Royal Challengers Bangalore,2009
31,Chris Gayle,7,7,1,171,44,28.5,143,119.58,0,0,15,10,Overseas,Kolkata Knight Riders,2009
32,Manish Pandey,5,4,2,168,114,84,118,142.37,1,0,17,4,Indian,Royal Challengers Bangalore,2009
33,Naman Ojha,8,8,1,168,68,24,144,116.66,0,2,11,11,Indian,Rajasthan Royals,2009
34,Mark Boucher,12,9,4,150,48,30,116,129.31,0,0,8,6,Overseas,Royal Challengers Bangalore,2009
35,Simon Katich,9,9,0,145,50,16.11,117,123.93,0,1,15,6,Overseas,Kings Xi Punjab,2009
36,Ajinkya Rahane,8,7,1,144,62,24,123,117.07,0,2,12,3,Indian,Mumbai Indians,2009
37,Parthiv Patel,9,9,0,142,36,15.77,126,112.69,0,0,19,2,Indian,Chennai Super Kings,2009
38,Ravi Bopara,5,5,0,138,84,27.6,119,115.96,0,1,8,7,Overseas,Kings Xi Punjab,2009
39,Karan Goel,9,9,1,124,38,15.5,133,93.23,0,0,9,4,Indian,Kings Xi Punjab,2009
41,Roelof van der Merwe,10,8,0,122,35,15.25,98,124.48,0,0,8,8,Overseas,Royal Challengers Bangalore,2009
42,Sunny Sohal,8,8,0,115,43,14.37,93,123.65,0,0,9,8,Indian,Kings Xi Punjab,2009
43,Shane Warne,13,11,3,108,34,13.5,116,93.1,0,0,6,4,Overseas,Rajasthan Royals,2009
44,Rob Quiney,7,7,0,103,51,14.71,102,100.98,0,1,12,3,Overseas,Rajasthan Royals,2009
45,David Hussey,4,4,0,98,43,24.5,59,166.1,0,0,7,6,Overseas,Kolkata Knight Riders,2009
46,Swapnil Asnodkar,8,8,0,98,44,12.25,93,105.37,0,0,11,4,Indian,Rajasthan Royals,2009
47,Albie Morkel,12,10,6,97,21,24.25,70,138.57,0,0,8,4,Overseas,Chennai Super Kings,2009
48,Kevin Pietersen,6,6,0,93,37,15.5,85,109.41,0,0,8,2,Overseas,Royal Challengers Bangalore,2009
49,Jacob Oram,11,8,2,88,41,14.66,93,94.62,0,0,5,4,Overseas,Chennai Super Kings,2009
50,Harbhajan Singh,13,10,2,84,20,10.5,53,158.49,0,0,6,5,Indian,Mumbai Indians,2009
51,Laxmi Ratan Shukla,9,6,1,83,48,16.6,85,97.64,0,0,5,3,Indian,Kolkata Knight Riders,2009
52,Lee Carseldine,5,5,1,81,39,20.25,68,119.11,0,0,11,0,Overseas,Rajasthan Royals,2009
53,Abhishek Raut,9,7,3,78,36,19.5,61,127.86,0,0,5,3,Indian,Rajasthan Royals,2009
54,Wriddhiman Saha,8,7,4,72,25,24,41,175.6,0,0,3,4,Indian,Kolkata Knight Riders,2009
56,Ajit Agarkar,11,7,5,66,39,33,57,115.78,0,0,3,3,Indian,Kolkata Knight Riders,2009
57,Praveen Kumar,13,8,3,65,14,13,46,141.3,0,0,1,6,Indian,Royal Challengers Bangalore,2009
59,Andrew Flintoff,3,3,1,62,24,31,53,116.98,0,0,5,2,Overseas,Chennai Super Kings,2009
60,Murali Vijay,4,4,0,60,31,15,67,89.55,0,0,4,2,Indian,Chennai Super Kings,2009
61,Jesse Ryder,5,5,0,56,32,11.2,49,114.28,0,0,9,0,Overseas,Royal Challengers Bangalore,2009
62,Shreevats Goswami,2,2,0,53,43,26.5,60,88.33,0,0,6,0,Indian,Royal Challengers Bangalore,2009
63,Pinal Shah,9,5,2,53,29,17.66,51,103.92,0,0,4,2,Indian,Mumbai Indians,2009
64,Vinay Kumar,11,8,3,47,12,9.4,44,106.81,0,0,4,1,Indian,Royal Challengers Bangalore,2009
65,Yashpal Singh,8,4,0,47,20,11.75,66,71.21,0,0,5,0,Indian,Kolkata Knight Riders,2009
66,Johan Botha,3,3,1,47,37,23.5,40,117.5,0,0,5,0,Overseas,Rajasthan Royals,2009
67,George Bailey,3,2,0,45,30,22.5,39,115.38,0,0,7,0,Overseas,Chennai Super Kings,2009
68,Luke Pomersbach,4,4,0,41,26,10.25,49,83.67,0,0,3,1,Overseas,Kings Xi Punjab,2009
69,Shikhar Dhawan,5,4,0,40,22,10,45,88.88,0,0,3,0,Indian,Mumbai Indians,2009
70,Shikhar Dhawan,5,4,0,40,22,10,45,88.88,0,0,3,0,Indian,Mumbai Indians,2009
71,Dimitri Mascarenhas,5,4,0,39,27,9.75,39,100,0,0,4,0,Overseas,Rajasthan Royals,2009
72,Moises Henriques,4,3,1,38,30,19,40,95,0,0,2,1,Overseas,Kolkata Knight Riders,2009
73,Munaf Patel,11,5,2,33,23,11,26,126.92,0,0,5,0,Indian,Rajasthan Royals,2009
74,Piyush Chawla,14,10,5,31,8,6.2,36,86.11,0,0,3,0,Indian,Kings Xi Punjab,2009
75,Wilkin Mota,8,6,1,30,12,6,48,62.5,0,0,0,0,Indian,Kings Xi Punjab,2009
77,Brett Lee,5,4,2,28,14,14,34,82.35,0,0,2,1,Overseas,Kings Xi Punjab,2009
78,Amit Mishra,11,5,2,26,13,8.66,20,130,0,0,2,2,Indian,Delhi Capitals,2009
79,Ramesh Powar,9,4,3,23,10,23,22,104.54,0,0,2,0,Indian,Kings Xi Punjab,2009
80,Murali Kartik,10,2,2,21,11,0,20,105,0,0,0,0,Indian,Kolkata Knight Riders,2009
82,Joginder Sharma,4,2,1,20,16,20,18,111.11,0,0,0,1,Indian,Chennai Super Kings,2009
83,Shadab Jakati,9,2,1,20,13,20,15,133.33,0,0,3,0,Indian,Chennai Super Kings,2009
84,Rajesh Bishnoi,3,3,0,19,18,6.33,17,111.76,0,0,1,2,Indian,Royal Challengers Bangalore,2009
86,Niraj Patel,4,2,0,18,14,9,38,47.36,0,0,1,0,Indian,Rajasthan Royals,2009
87,Balachandra Akhil,6,3,1,17,9,8.5,15,113.33,0,0,1,1,Indian,Royal Challengers Bangalore,2009
88,Mahesh Rawat,5,3,3,16,8,0,19,84.21,0,0,1,0,Indian,Rajasthan Royals,2009
89,Ishant Sharma,11,3,1,16,9,8,13,123.07,0,0,1,1,Indian,Kolkata Knight Riders,2009
90,Ishant Sharma,11,3,1,16,9,8,13,123.07,0,0,1,1,Indian,Kolkata Knight Riders,2009
91,Anil Kumble,16,7,6,16,7,16,19,84.21,0,0,2,0,Indian,Royal Challengers Bangalore,2009
92,Angelo Mathews,1,1,0,16,16,16,13,123.07,0,0,2,0,Overseas,Kolkata Knight Riders,2009
93,Wasim Jaffer,2,2,0,15,8,7.5,17,88.23,0,0,2,0,Indian,Royal Challengers Bangalore,2009
94,Graham Napier,1,1,0,15,15,15,16,93.75,0,0,1,0,Overseas,Mumbai Indians,2009
96,Manpreet Gony,7,3,1,13,7,6.5,7,185.71,0,0,0,2,Indian,Chennai Super Kings,2009
97,Saurabh Tiwary,4,3,2,13,6,13,12,108.33,0,0,0,0,Indian,Mumbai Indians,2009
98,Rohan Raje,4,2,1,12,11,12,9,133.33,0,0,0,1,Indian,Mumbai Indians,2009
99,Tyron Henderson,2,2,0,11,11,5.5,16,68.75,0,0,0,1,Overseas,Rajasthan Royals,2009
100,Aakash Chopra,2,1,0,11,11,11,19,57.89,0,0,2,0,Indian,Kolkata Knight Riders,2009
1,Shaun Marsh,11,11,2,616,115,68.44,441,139.68,1,5,59,26,Overseas,Kings Xi Punjab,2008
2,Gautam Gambhir,14,14,1,534,86,41.07,379,140.89,0,5,68,8,Indian,Delhi Capitals,2008
3,Sanath Jayasuriya,14,14,2,518,114,43.16,309,167.63,1,2,58,31,Overseas,Mumbai Indians,2008
4,Shane Watson,15,15,5,472,76,47.2,311,151.76,0,4,47,19,Overseas,Rajasthan Royals,2008
5,Graeme Smith,11,11,2,441,91,49,362,121.82,0,3,54,8,Overseas,Rajasthan Royals,2008
7,Yusuf Pathan,16,15,1,435,68,31.07,243,179.01,0,4,43,25,Indian,Rajasthan Royals,2008
8,Suresh Raina,16,14,3,421,55,38.27,296,142.22,0,3,35,18,Indian,Chennai Super Kings,2008
9,MS Dhoni,16,14,4,414,65,41.4,310,133.54,0,2,38,15,Indian,Chennai Super Kings,2008
10,Virender Sehwag,14,14,2,406,94,33.83,220,184.54,0,3,46,21,Indian,Delhi Capitals,2008
12,Rahul Dravid,14,14,1,371,75,28.53,298,124.49,0,2,35,11,Indian,Royal Challengers Bangalore,2008
13,Sourav Ganguly,13,13,1,349,91,29.08,307,113.68,0,3,33,15,Indian,Kolkata Knight Riders,2008
14,Shikhar Dhawan,14,14,5,340,68,37.77,295,115.25,0,4,35,8,Indian,Delhi Capitals,2008
15,Robin Uthappa,14,14,5,320,48,35.55,279,114.69,0,0,34,9,Indian,Mumbai Indians,2008
16,Kumar Sangakkara,10,9,0,320,94,35.55,198,161.61,0,4,41,8,Overseas,Kings Xi Punjab,2008
17,David Hussey,13,13,2,319,71,29,259,123.16,0,2,19,17,Overseas,Kolkata Knight Riders,2008
18,Swapnil Asnodkar,9,9,0,311,60,34.55,233,133.47,0,2,43,6,Indian,Rajasthan Royals,2008
19,Parthiv Patel,13,13,2,302,54,27.45,297,101.68,0,2,42,3,Indian,Chennai Super Kings,2008
20,Yuvraj Singh,15,14,1,299,57,23,184,162.5,0,1,24,19,Indian,Kings Xi Punjab,2008
22,Albie Morkel,13,10,3,241,71,34.42,163,147.85,0,1,18,14,Overseas,Chennai Super Kings,2008
23,Mark Boucher,10,10,3,225,50,32.14,177,127.11,0,1,24,6,Overseas,Royal Challengers Bangalore,2008
24,James Hopes,11,11,0,221,71,20.09,148,149.32,0,2,27,8,Overseas,Kings Xi Punjab,2008
25,Abhishek Nayar,14,10,2,206,45,25.75,138,149.27,0,0,16,9,Indian,Mumbai Indians,2008
26,Jacques Kallis,11,11,0,199,54,18.09,183,108.74,0,1,23,4,Overseas,Royal Challengers Bangalore,2008
27,Stephen Fleming,10,10,1,196,45,21.77,164,119.51,0,0,27,3,Overseas,Chennai Super Kings,2008
28,Salman Butt,7,7,0,193,73,27.57,161,119.87,0,1,30,2,Overseas,Kolkata Knight Riders,2008
29,Subramaniam Badrinath,16,11,5,192,64,32,130,147.69,0,2,21,8,Indian,Chennai Super Kings,2008
30,Matthew Hayden,4,4,1,189,81,63,131,144.27,0,2,24,6,Overseas,Chennai Super Kings,2008
31,Brendon McCullum,4,4,1,188,158,62.66,92,204.34,1,0,13,15,Overseas,Kolkata Knight Riders,2008
32,Sachin Tendulkar,7,7,1,188,65,31.33,177,106.21,0,1,26,2,Indian,Mumbai Indians,2008
33,Mahela Jayawardene,13,12,5,179,45,25.57,131,136.64,0,0,15,7,Overseas,Kings Xi Punjab,2008
34,Dwayne Bravo,9,7,1,178,64,29.66,134,132.83,0,1,19,5,Overseas,Mumbai Indians,2008
35,Mohammad Kaif,16,14,3,176,34,16,171,102.92,0,0,14,6,Indian,Rajasthan Royals,2008
36,Michael Hussey,4,3,1,168,116,84,100,168,1,0,12,11,Overseas,Chennai Super Kings,2008
38,Virat Kohli,13,12,1,165,38,15,157,105.09,0,0,18,4,Indian,Royal Challengers Bangalore,2008
39,Laxmi Ratan Shukla,13,12,4,163,42,20.37,122,133.6,0,0,17,5,Indian,Kolkata Knight Riders,2008
41,Wriddhiman Saha,12,10,5,159,59,31.8,119,133.61,0,1,12,7,Indian,Kolkata Knight Riders,2008
43,Luke Pomersbach,5,5,4,152,79,152,99,153.53,0,1,13,9,Overseas,Kings Xi Punjab,2008
44,Ross Taylor,4,4,0,149,53,37.25,81,183.95,0,1,13,10,Overseas,Royal Challengers Bangalore,2008
45,Shaun Pollock,13,8,0,147,33,18.37,111,132.43,0,0,12,8,Overseas,Mumbai Indians,2008
46,Vidyut Sivaramakrishnan,9,8,0,145,54,18.12,109,133.02,0,1,21,3,Indian,Chennai Super Kings,2008
47,Dinesh Karthik,13,8,2,145,56,24.16,107,135.51,0,1,13,4,Indian,Delhi Capitals,2008
48,Ravindra Jadeja,14,9,2,135,36,19.28,103,131.06,0,0,11,6,Indian,Rajasthan Royals,2008
49,Irfan Pathan,14,10,4,131,40,21.83,116,112.93,0,0,9,6,Indian,Kings Xi Punjab,2008
50,Kamran Akmal,6,6,1,128,53,25.6,78,164.1,0,1,13,8,Overseas,Rajasthan Royals,2008
51,MF Maharoof,10,8,2,125,39,20.83,79,158.22,0,0,10,7,Overseas,Delhi Capitals,2008
52,Misbah-ul-Haq,8,8,1,117,47,16.71,81,144.44,0,0,10,6,Overseas,Royal Challengers Bangalore,2008
53,Wasim Jaffer,6,6,0,115,50,19.16,104,110.57,0,1,12,3,Indian,Royal Challengers Bangalore,2008
54,Cameron White,8,8,1,114,31,16.28,102,111.76,0,0,8,4,Overseas,Royal Challengers Bangalore,2008
56,Praveen Kumar,13,12,2,112,34,11.2,98,114.28,0,0,10,6,Indian,Royal Challengers Bangalore,2008
58,Manoj Tiwary,9,7,3,104,39,26,85,122.35,0,0,16,0,Indian,Delhi Capitals,2008
59,Tillakaratne Dilshan,7,7,1,104,33,17.33,79,131.64,0,0,14,3,Overseas,Delhi Capitals,2008
60,Debabrata Das,6,6,0,103,31,17.16,94,109.57,0,0,9,5,Indian,Kolkata Knight Riders,2008
61,Niraj Patel,5,4,2,103,57,51.5,81,127.16,0,1,13,1,Indian,Rajasthan Royals,2008
62,Simon Katich,2,2,1,96,75,96,69,139.13,0,1,11,2,Overseas,Kings Xi Punjab,2008
63,AB de Villiers,6,6,1,95,26,19,98,96.93,0,0,5,1,Overseas,Delhi Capitals,2008
64,Piyush Chawla,15,7,3,90,24,22.5,59,152.54,0,0,10,3,Indian,Kings Xi Punjab,2008
65,Shreevats Goswami,4,3,0,82,52,27.33,85,96.47,0,1,9,1,Indian,Royal Challengers Bangalore,2008
67,Karan Goel,7,6,0,76,26,12.66,78,97.43,0,0,7,4,Indian,Kings Xi Punjab,2008
68,Ramnaresh Sarwan,4,4,0,73,31,18.25,75,97.33,0,0,6,1,Overseas,Kings Xi Punjab,2008
69,Shane Warne,15,7,2,70,22,14,59,118.64,0,0,7,2,Overseas,Rajasthan Royals,2008
70,Ajit Agarkar,9,6,1,54,20,10.8,46,117.39,0,0,5,2,Indian,Kolkata Knight Riders,2008
71,Shoaib Malik,7,5,1,52,24,13,47,110.63,0,0,5,0,Overseas,Delhi Capitals,2008
74,Balachandra Akhil,7,7,4,46,27,15.33,31,148.38,0,0,4,3,Indian,Royal Challengers Bangalore,2008
75,Dwayne Smith,4,3,0,45,20,15,40,112.5,0,0,5,1,Overseas,Mumbai Indians,2008
76,Aakash Chopra,5,5,0,42,24,8.4,52,80.76,0,0,5,0,Indian,Kolkata Knight Riders,2008
78,Ricky Ponting,4,4,0,39,20,9.75,53,73.58,0,0,2,1,Overseas,Kolkata Knight Riders,2008
79,Umar Gul,6,4,1,39,24,13,19,205.26,0,0,1,5,Overseas,Kolkata Knight Riders,2008
80,Dominic Thornely,6,4,2,39,30,19.5,53,73.58,0,0,2,2,Overseas,Mumbai Indians,2008
81,Amit Mishra,6,3,0,37,31,12.33,42,88.09,0,0,3,0,Indian,Delhi Capitals,2008
82,Sohail Tanvir,11,5,2,36,13,12,29,124.13,0,0,3,1,Overseas,Rajasthan Royals,2008
83,Manpreet Gony,16,5,4,35,15,35,23,152.17,0,0,2,3,Indian,Chennai Super Kings,2008
84,Luke Ronchi,4,4,0,34,13,8.5,32,106.25,0,0,6,1,Overseas,Mumbai Indians,2008
85,Mahesh Rawat,11,7,3,34,23,8.5,39,87.17,0,0,3,1,Indian,Rajasthan Royals,2008
86,Rajat Bhatia,9,3,1,34,17,17,28,121.42,0,0,2,2,Indian,Delhi Capitals,2008
87,Zaheer Khan,11,8,4,34,17,8.5,43,79.06,0,0,4,0,Indian,Royal Challengers Bangalore,2008
88,Pinal Shah,5,4,0,34,19,8.5,35,97.14,0,0,4,0,Indian,Mumbai Indians,2008
89,Dinesh Salunkhe,6,3,1,33,26,16.5,24,137.5,0,0,5,0,Indian,Rajasthan Royals,2008
90,Tatenda Taibu,3,3,0,31,15,10.33,26,119.23,0,0,3,0,Overseas,Kolkata Knight Riders,2008
91,Harbhajan Singh,3,3,1,30,28,15,17,176.47,0,0,1,3,Indian,Mumbai Indians,2008
92,Murali Kartik,6,3,0,30,17,10,27,111.11,0,0,3,0,Indian,Kolkata Knight Riders,2008
93,Ramesh Powar,5,1,1,28,28,0,21,133.33,0,0,4,1,Indian,Kings Xi Punjab,2008
95,Saurabh Tiwary,3,2,0,26,17,13,20,130,0,0,3,1,Indian,Mumbai Indians,2008
96,Wilkin Mota,4,2,1,26,25,26,27,96.29,0,0,2,0,Indian,Kings Xi Punjab,2008
97,Shivnarine Chanderpaul,3,3,0,25,16,8.33,31,80.64,0,0,4,0,Overseas,Royal Challengers Bangalore,2008
98,Vinay Kumar,8,4,1,25,23,8.33,22,113.63,0,0,2,1,Indian,Royal Challengers Bangalore,2008
99,Musavir Khote,4,3,1,24,9,12,22,109.09,0,0,2,1,Indian,Mumbai Indians,2008
100,Jagadeesh Arunkumar,3,3,0,23,22,7.66,23,100,0,0,5,0,Indian,Royal Challengers Bangalore,2008
